episode,reward
0,23
1,21
2,13
3,20
4,14
5,45
6,18
7,19
8,11
9,36
10,13
11,19
12,13
13,41
14,38
15,30
16,10
17,12
18,9
19,40
20,17
21,22
22,10
23,12
24,15
25,22
26,26
27,43
28,19
29,14
30,11
31,25
32,31
33,15
34,26
35,25
36,20
37,54
38,44
39,32
40,10
41,9
42,13
43,16
44,34
45,12
46,55
47,27
48,25
49,22
50,18
51,14
52,30
53,21
54,11
55,14
56,11
57,16
58,53
59,84
60,56
61,20
62,21
63,24
64,23
65,20
66,14
67,16
68,17
69,19
70,18
71,18
72,37
73,19
74,12
75,18
76,15
77,25
78,37
79,34
80,27
81,14
82,23
83,19
84,20
85,31
86,14
87,21
88,30
89,20
90,15
91,24
92,28
93,25
94,38
95,27
96,20
97,19
98,20
99,21
100,12
101,15
102,18
103,11
104,13
105,12
106,17
107,28
108,28
109,52
110,22
111,29
112,31
113,10
114,12
115,36
116,17
117,14
118,25
119,32
120,29
121,51
122,19
123,23
124,11
125,17
126,29
127,36
128,51
129,10
130,21
131,12
132,38
133,37
134,31
135,25
136,65
137,19
138,15
139,14
140,24
141,14
142,14
143,11
144,28
145,9
146,32
147,12
148,21
149,14
150,14
151,26
152,19
153,29
154,81
155,31
156,41
157,18
158,51
159,23
160,27
161,32
162,29
163,20
164,14
165,15
166,30
167,28
168,36
169,22
170,20
171,10
172,49
173,23
174,21
175,28
176,15
177,12
178,14
179,24
180,19
181,16
182,33
183,20
184,34
185,12
186,28
187,15
188,49
189,35
190,30
191,13
192,40
193,34
194,13
195,17
196,13
197,35
198,24
199,25
200,56
201,14
202,14
203,18
204,15
205,20
206,12
207,18
208,32
209,90
210,19
211,14
212,22
213,19
214,25
215,25
216,29
217,41
218,12
219,18
220,22
221,12
222,35
223,23
224,20
225,60
226,12
227,19
228,43
229,44
230,18
231,16
232,19
233,23
234,30
235,22
236,22
237,39
238,10
239,18
240,37
241,19
242,44
243,11
244,13
245,22
246,28
247,23
248,15
249,30
250,55
251,35
252,45
253,22
254,36
255,29
256,36
257,26
258,20
259,13
260,33
261,22
262,13
263,17
264,31
265,57
266,40
267,12
268,40
269,44
270,10
271,55
272,26
273,23
274,12
275,14
276,24
277,13
278,80
279,15
280,24
281,23
282,35
283,12
284,67
285,42
286,24
287,19
288,19
289,19
290,32
291,19
292,33
293,37
294,30
295,13
296,66
297,20
298,20
299,25
300,27
301,31
302,14
303,36
304,20
305,12
306,14
307,18
308,11
309,22
310,25
311,30
312,20
313,33
314,18
315,13
316,14
317,26
318,25
319,18
320,22
321,27
322,21
323,17
324,43
325,17
326,30
327,47
328,37
329,18
330,44
331,37
332,32
333,26
334,26
335,22
336,19
337,27
338,24
339,43
340,85
341,35
342,45
343,43
344,36
345,30
346,38
347,70
348,18
349,20
350,30
351,25
352,42
353,64
354,12
355,35
356,30
357,12
358,18
359,12
360,17
361,22
362,23
363,44
364,19
365,24
366,20
367,14
368,35
369,25
370,74
371,21
372,67
373,18
374,34
375,50
376,61
377,20
378,34
379,42
380,10
381,27
382,15
383,11
384,27
385,29
386,37
387,38
388,51
389,16
390,42
391,23
392,20
393,40
394,43
395,9
396,40
397,35
398,35
399,35
400,34
401,27
402,49
403,14
404,12
405,54
406,36
407,26
408,21
409,15
410,18
411,13
412,14
413,41
414,70
415,32
416,29
417,56
418,24
419,31
420,18
421,19
422,29
423,25
424,18
425,32
426,16
427,41
428,15
429,30
430,21
431,10
432,40
433,22
434,39
435,35
436,35
437,27
438,55
439,32
440,28
441,28
442,18
443,27
444,17
445,57
446,16
447,16
448,21
449,21
450,24
451,49
452,11
453,23
454,23
455,37
456,14
457,40
458,16
459,17
460,18
461,11
462,18
463,16
464,24
465,23
466,13
467,16
468,18
469,16
470,23
471,22
472,15
473,29
474,30
475,14
476,23
477,20
478,25
479,11
480,24
481,16
482,22
483,45
484,23
485,20
486,32
487,31
488,22
489,32
490,15
491,27
492,29
493,27
494,19
495,13
496,22
497,40
498,23
499,16
500,22
501,57
502,19
503,27
504,28
505,15
506,12
507,53
508,30
509,44
510,23
511,28
512,38
513,33
514,18
515,41
516,47
517,13
518,31
519,23
520,32
521,48
522,11
523,21
524,16
525,24
526,34
527,36
528,25
529,20
530,14
531,25
532,13
533,24
534,15
535,18
536,10
537,25
538,53
539,21
540,28
541,18
542,31
543,18
544,21
545,15
546,68
547,16
548,16
549,43
550,48
551,35
552,28
553,26
554,18
555,15
556,31
557,25
558,19
559,29
560,18
561,23
562,51
563,12
564,34
565,19
566,14
567,24
568,33
569,22
570,29
571,24
572,42
573,18
574,19
575,28
576,40
577,38
578,48
579,30
580,27
581,29
582,17
583,23
584,29
585,28
586,10
587,11
588,18
589,37
590,13
591,36
592,16
593,21
594,33
595,28
596,45
597,29
598,30
599,9
600,35
601,26
602,29
603,19
604,17
605,15
606,15
607,12
608,16
609,44
610,64
611,127
612,28
613,29
614,55
615,16
616,18
617,29
618,21
619,17
620,53
621,71
622,27
623,71
624,62
625,28
626,26
627,80
628,30
629,11
630,33
631,17
632,40
633,44
634,17
635,38
636,52
637,23
638,14
639,24
640,16
641,31
642,15
643,17
644,33
645,11
646,22
647,10
648,29
649,30
650,30
651,23
652,12
653,14
654,33
655,15
656,12
657,45
658,17
659,22
660,22
661,33
662,12
663,10
664,20
665,18
666,39
667,48
668,23
669,11
670,51
671,42
672,19
673,12
674,15
675,67
676,52
677,16
678,23
679,63
680,32
681,22
682,65
683,36
684,51
685,25
686,54
687,45
688,30
689,16
690,22
691,33
692,16
693,31
694,41
695,23
696,63
697,15
698,27
699,10
700,19
701,23
702,10
703,24
704,13
705,25
706,40
707,35
708,22
709,23
710,13
711,68
712,22
713,27
714,24
715,34
716,22
717,20
718,19
719,67
720,26
721,14
722,14
723,19
724,36
725,13
726,14
727,52
728,16
729,21
730,29
731,29
732,18
733,15
734,23
735,54
736,28
737,73
738,28
739,19
740,20
741,31
742,52
743,10
744,14
745,95
746,36
747,23
748,30
749,27
750,25
751,18
752,31
753,24
754,32
755,22
756,49
757,44
758,29
759,32
760,19
761,34
762,24
763,27
764,40
765,19
766,46
767,38
768,13
769,15
770,40
771,17
772,20
773,12
774,23
775,37
776,13
777,10
778,39
779,52
780,18
781,9
782,25
783,19
784,16
785,30
786,18
787,31
788,12
789,22
790,17
791,27
792,111
793,33
794,16
795,99
796,14
797,28
798,19
799,28
800,56
801,26
802,26
803,34
804,21
805,20
806,39
807,11
808,38
809,25
810,21
811,36
812,33
813,36
814,52
815,72
816,26
817,39
818,17
819,40
820,40
821,20
822,16
823,96
824,46
825,42
826,20
827,16
828,33
829,23
830,33
831,48
832,36
833,49
834,38
835,13
836,26
837,15
838,28
839,20
840,21
841,18
842,26
843,10
844,26
845,42
846,39
847,27
848,48
849,22
850,37
851,25
852,41
853,20
854,35
855,11
856,17
857,22
858,12
859,25
860,14
861,23
862,21
863,46
864,18
865,37
866,15
867,22
868,39
869,71
870,75
871,23
872,13
873,16
874,16
875,38
876,43
877,31
878,26
879,13
880,27
881,21
882,23
883,23
884,23
885,13
886,11
887,17
888,20
889,34
890,18
891,41
892,30
893,40
894,26
895,19
896,33
897,12
898,32
899,111
900,40
901,38
902,28
903,43
904,23
905,33
906,17
907,44
908,18
909,19
910,43
911,30
912,33
913,25
914,65
915,28
916,21
917,17
918,19
919,16
920,47
921,42
922,22
923,41
924,14
925,15
926,19
927,28
928,51
929,21
930,26
931,27
932,19
933,59
934,28
935,19
936,42
937,35
938,26
939,27
940,44
941,25
942,18
943,17
944,47
945,30
946,23
947,24
948,21
949,18
950,19
951,12
952,17
953,17
954,19
955,15
956,19
957,36
958,19
959,27
960,16
961,17
962,34
963,15
964,40
965,83
966,21
967,21
968,44
969,38
970,16
971,57
972,16
973,38
974,34
975,25
976,42
977,46
978,15
979,17
980,26
981,15
982,29
983,56
984,23
985,37
986,16
987,17
988,16
989,21
990,39
991,74
992,48
993,13
994,35
995,55
996,17
997,15
998,20
999,15
1000,29
1001,44
1002,28
1003,16
1004,40
1005,17
1006,14
1007,24
1008,53
1009,10
1010,24
1011,15
1012,22
1013,47
1014,31
1015,59
1016,48
1017,56
1018,24
1019,13
1020,37
1021,30
1022,30
1023,19
1024,11
1025,33
1026,20
1027,16
1028,20
1029,14
1030,37
1031,22
1032,41
1033,13
1034,13
1035,20
1036,28
1037,47
1038,39
1039,27
1040,35
1041,54
1042,13
1043,40
1044,12
1045,18
1046,22
1047,29
1048,27
1049,32
1050,16
1051,26
1052,28
1053,23
1054,100
1055,33
1056,65
1057,38
1058,35
1059,14
1060,21
1061,17
1062,53
1063,11
1064,76
1065,17
1066,12
1067,14
1068,35
1069,59
1070,10
1071,67
1072,33
1073,16
1074,23
1075,12
1076,30
1077,27
1078,39
1079,43
1080,14
1081,25
1082,16
1083,15
1084,18
1085,13
1086,14
1087,21
1088,23
1089,37
1090,54
1091,19
1092,30
1093,36
1094,31
1095,21
1096,22
1097,32
1098,15
1099,20
1100,42
1101,23
1102,25
1103,35
1104,26
1105,24
1106,49
1107,14
1108,10
1109,19
1110,16
1111,18
1112,17
1113,12
1114,17
1115,34
1116,86
1117,16
1118,24
1119,38
1120,34
1121,28
1122,36
1123,66
1124,30
1125,13
1126,19
1127,45
1128,35
1129,42
1130,29
1131,14
1132,40
1133,24
1134,25
1135,61
1136,22
1137,18
1138,51
1139,36
1140,12
1141,34
1142,29
1143,14
1144,40
1145,37
1146,32
1147,19
1148,25
1149,19
1150,19
1151,18
1152,53
1153,27
1154,23
1155,9
1156,20
1157,29
1158,21
1159,22
1160,20
1161,33
1162,23
1163,25
1164,28
1165,17
1166,46
1167,42
1168,25
1169,50
1170,37
1171,10
1172,31
1173,24
1174,28
1175,42
1176,64
1177,9
1178,20
1179,22
1180,40
1181,22
1182,23
1183,27
1184,14
1185,18
1186,37
1187,14
1188,59
1189,51
1190,17
1191,41
1192,20
1193,18
1194,13
1195,21
1196,22
1197,22
1198,24
1199,20
1200,36
1201,36
1202,44
1203,51
1204,22
1205,23
1206,26
1207,13
1208,27
1209,74
1210,49
1211,19
1212,13
1213,72
1214,11
1215,22
1216,30
1217,14
1218,24
1219,25
1220,42
1221,59
1222,13
1223,42
1224,11
1225,42
1226,43
1227,37
1228,30
1229,81
1230,35
1231,33
1232,19
1233,21
1234,42
1235,18
1236,14
1237,10
1238,17
1239,49
1240,29
1241,18
1242,14
1243,26
1244,18
1245,34
1246,32
1247,22
1248,51
1249,34
1250,29
1251,23
1252,24
1253,30
1254,24
1255,42
1256,31
1257,28
1258,23
1259,22
1260,58
1261,32
1262,44
1263,45
1264,19
1265,27
1266,15
1267,47
1268,23
1269,51
1270,33
1271,39
1272,34
1273,26
1274,42
1275,17
1276,39
1277,14
1278,15
1279,29
1280,66
1281,32
1282,30
1283,9
1284,33
1285,32
1286,56
1287,40
1288,31
1289,12
1290,18
1291,17
1292,20
1293,33
1294,55
1295,39
1296,65
1297,11
1298,25
1299,19
1300,16
1301,31
1302,34
1303,15
1304,52
1305,41
1306,31
1307,52
1308,30
1309,52
1310,22
1311,44
1312,23
1313,18
1314,52
1315,27
1316,15
1317,20
1318,58
1319,23
1320,31
1321,76
1322,43
1323,89
1324,13
1325,21
1326,34
1327,23
1328,29
1329,41
1330,24
1331,29
1332,73
1333,13
1334,30
1335,40
1336,30
1337,46
1338,28
1339,36
1340,35
1341,69
1342,16
1343,17
1344,36
1345,26
1346,36
1347,11
1348,23
1349,17
1350,82
1351,26
1352,13
1353,35
1354,26
1355,21
1356,35
1357,17
1358,44
1359,24
1360,33
1361,29
1362,23
1363,65
1364,31
1365,32
1366,26
1367,47
1368,23
1369,33
1370,52
1371,69
1372,22
1373,38
1374,18
1375,18
1376,40
1377,19
1378,28
1379,60
1380,55
1381,45
1382,18
1383,25
1384,15
1385,18
1386,31
1387,23
1388,19
1389,24
1390,16
1391,36
1392,39
1393,26
1394,17
1395,28
1396,34
1397,45
1398,48
1399,18
1400,39
1401,99
1402,15
1403,43
1404,26
1405,24
1406,23
1407,55
1408,12
1409,25
1410,22
1411,59
1412,20
1413,38
1414,20
1415,35
1416,19
1417,49
1418,19
1419,17
1420,22
1421,19
1422,46
1423,13
1424,39
1425,18
1426,37
1427,35
1428,44
1429,58
1430,38
1431,13
1432,15
1433,23
1434,9
1435,29
1436,56
1437,20
1438,61
1439,26
1440,19
1441,33
1442,13
1443,18
1444,39
1445,19
1446,23
1447,36
1448,27
1449,77
1450,22
1451,18
1452,27
1453,31
1454,16
1455,79
1456,44
1457,32
1458,19
1459,12
1460,31
1461,24
1462,37
1463,77
1464,20
1465,29
1466,16
1467,36
1468,32
1469,16
1470,29
1471,41
1472,49
1473,30
1474,32
1475,26
1476,34
1477,15
1478,39
1479,14
1480,23
1481,10
1482,43
1483,24
1484,24
1485,22
1486,26
1487,24
1488,16
1489,31
1490,14
1491,12
1492,13
1493,20
1494,35
1495,24
1496,37
1497,15
1498,43
1499,48
1500,65
1501,48
1502,11
1503,13
1504,36
1505,43
1506,17
1507,23
1508,37
1509,24
1510,56
1511,12
1512,61
1513,11
1514,21
1515,63
1516,42
1517,39
1518,39
1519,22
1520,24
1521,37
1522,24
1523,24
1524,45
1525,32
1526,28
1527,23
1528,31
1529,59
1530,23
1531,23
1532,35
1533,24
1534,14
1535,27
1536,20
1537,21
1538,39
1539,31
1540,27
1541,17
1542,23
1543,57
1544,39
1545,15
1546,30
1547,19
1548,16
1549,18
1550,14
1551,24
1552,12
1553,16
1554,45
1555,13
1556,30
1557,55
1558,12
1559,22
1560,37
1561,23
1562,31
1563,17
1564,51
1565,48
1566,46
1567,34
1568,47
1569,14
1570,16
1571,14
1572,46
1573,27
1574,21
1575,18
1576,33
1577,21
1578,13
1579,23
1580,46
1581,23
1582,12
1583,20
1584,15
1585,16
1586,26
1587,24
1588,35
1589,47
1590,33
1591,31
1592,40
1593,36
1594,19
1595,16
1596,65
1597,34
1598,21
1599,63
1600,23
1601,18
1602,31
1603,46
1604,18
1605,30
1606,62
1607,17
1608,49
1609,21
1610,26
1611,35
1612,24
1613,15
1614,19
1615,26
1616,30
1617,45
1618,24
1619,45
1620,23
1621,21
1622,26
1623,29
1624,15
1625,28
1626,14
1627,31
1628,12
1629,52
1630,48
1631,19
1632,30
1633,45
1634,36
1635,17
1636,55
1637,46
1638,37
1639,18
1640,10
1641,13
1642,15
1643,27
1644,35
1645,23
1646,29
1647,51
1648,17
1649,22
1650,40
1651,26
1652,18
1653,47
1654,19
1655,18
1656,21
1657,15
1658,12
1659,21
1660,16
1661,17
1662,35
1663,23
1664,16
1665,28
1666,18
1667,16
1668,47
1669,23
1670,19
1671,22
1672,25
1673,16
1674,12
1675,30
1676,16
1677,19
1678,19
1679,13
1680,12
1681,60
1682,71
1683,16
1684,53
1685,23
1686,19
1687,15
1688,44
1689,24
1690,25
1691,35
1692,34
1693,32
1694,100
1695,59
1696,16
1697,21
1698,24
1699,38
1700,18
1701,29
1702,48
1703,21
1704,27
1705,19
1706,31
1707,37
1708,18
1709,25
1710,22
1711,19
1712,17
1713,32
1714,28
1715,46
1716,17
1717,19
1718,27
1719,16
1720,57
1721,21
1722,35
1723,42
1724,12
1725,12
1726,19
1727,24
1728,36
1729,64
1730,18
1731,33
1732,12
1733,19
1734,20
1735,50
1736,67
1737,23
1738,51
1739,71
1740,25
1741,16
1742,43
1743,62
1744,21
1745,30
1746,26
1747,21
1748,16
1749,18
1750,21
1751,42
1752,10
1753,22
1754,38
1755,26
1756,17
1757,21
1758,12
1759,47
1760,62
1761,11
1762,22
1763,18
1764,19
1765,20
1766,46
1767,22
1768,21
1769,36
1770,56
1771,18
1772,28
1773,44
1774,32
1775,46
1776,53
1777,14
1778,16
1779,24
1780,30
1781,45
1782,28
1783,49
1784,33
1785,43
1786,31
1787,25
1788,90
1789,31
1790,48
1791,26
1792,51
1793,17
1794,43
1795,23
1796,70
1797,85
1798,19
1799,25
1800,14
1801,48
1802,33
1803,15
1804,13
1805,19
1806,23
1807,16
1808,15
1809,24
1810,65
1811,21
1812,62
1813,26
1814,32
1815,23
1816,26
1817,24
1818,36
1819,40
1820,27
1821,23
1822,41
1823,59
1824,27
1825,23
1826,47
1827,23
1828,40
1829,38
1830,23
1831,18
1832,73
1833,26
1834,18
1835,49
1836,20
1837,31
1838,63
1839,32
1840,31
1841,24
1842,12
1843,31
1844,27
1845,21
1846,46
1847,32
1848,31
1849,22
1850,16
1851,23
1852,22
1853,18
1854,22
1855,46
1856,42
1857,15
1858,24
1859,59
1860,17
1861,16
1862,58
1863,40
1864,24
1865,28
1866,65
1867,34
1868,54
1869,31
1870,33
1871,15
1872,37
1873,43
1874,18
1875,14
1876,19
1877,19
1878,24
1879,33
1880,33
1881,28
1882,36
1883,28
1884,32
1885,45
1886,30
1887,62
1888,20
1889,24
1890,18
1891,39
1892,19
1893,52
1894,36
1895,45
1896,46
1897,20
1898,11
1899,25
1900,28
1901,57
1902,33
1903,55
1904,23
1905,30
1906,54
1907,46
1908,40
1909,49
1910,26
1911,19
1912,28
1913,50
1914,25
1915,22
1916,30
1917,26
1918,34
1919,16
1920,16
1921,20
1922,17
1923,31
1924,39
1925,40
1926,40
1927,23
1928,19
1929,67
1930,37
1931,44
1932,51
1933,19
1934,37
1935,22
1936,16
1937,16
1938,27
1939,45
1940,29
1941,53
1942,45
1943,23
1944,15
1945,32
1946,21
1947,70
1948,17
1949,32
1950,34
1951,30
1952,14
1953,40
1954,40
1955,51
1956,33
1957,15
1958,27
1959,19
1960,21
1961,30
1962,55
1963,30
1964,22
1965,16
1966,21
1967,20
1968,27
1969,30
1970,28
1971,84
1972,23
1973,69
1974,36
1975,18
1976,33
1977,27
1978,36
1979,40
1980,39
1981,26
1982,15
1983,37
1984,29
1985,26
1986,55
1987,39
1988,28
1989,32
1990,21
1991,14
1992,23
1993,52
1994,41
1995,18
1996,13
1997,24
1998,30
1999,31
2000,41
2001,65
2002,27
2003,31
2004,15
2005,48
2006,66
2007,22
2008,33
2009,14
2010,20
2011,14
2012,15
2013,16
2014,21
2015,30
2016,21
2017,18
2018,17
2019,51
2020,15
2021,32
2022,29
2023,20
2024,33
2025,18
2026,23
2027,30
2028,18
2029,18
2030,21
2031,34
2032,16
2033,25
2034,20
2035,49
2036,17
2037,26
2038,13
2039,17
2040,22
2041,32
2042,28
2043,47
2044,15
2045,44
2046,20
2047,22
2048,43
2049,21
2050,17
2051,25
2052,32
2053,15
2054,18
2055,17
2056,19
2057,39
2058,15
2059,23
2060,22
2061,19
2062,24
2063,11
2064,19
2065,20
2066,15
2067,26
2068,44
2069,20
2070,20
2071,33
2072,21
2073,28
2074,19
2075,13
2076,17
2077,26
2078,26
2079,29
2080,18
2081,26
2082,24
2083,34
2084,16
2085,13
2086,22
2087,27
2088,21
2089,19
2090,26
2091,25
2092,15
2093,24
2094,25
2095,43
2096,23
2097,30
2098,14
2099,16
2100,32
2101,17
2102,16
2103,32
2104,16
2105,13
2106,20
2107,15
2108,27
2109,21
2110,19
2111,26
2112,34
2113,14
2114,55
2115,54
2116,36
2117,46
2118,38
2119,14
2120,32
2121,20
2122,23
2123,37
2124,10
2125,24
2126,22
2127,17
2128,21
2129,29
2130,24
2131,23
2132,28
2133,21
2134,23
2135,25
2136,13
2137,44
2138,28
2139,42
2140,49
2141,42
2142,42
2143,51
2144,13
2145,12
2146,27
2147,32
2148,28
2149,28
2150,13
2151,19
2152,37
2153,33
2154,22
2155,13
2156,27
2157,48
2158,42
2159,14
2160,26
2161,29
2162,28
2163,46
2164,18
2165,31
2166,34
2167,19
2168,21
2169,37
2170,24
2171,63
2172,21
2173,17
2174,11
2175,18
2176,16
2177,27
2178,29
2179,18
2180,52
2181,39
2182,29
2183,36
2184,22
2185,21
2186,54
2187,39
2188,24
2189,22
2190,25
2191,16
2192,19
2193,19
2194,15
2195,21
2196,12
2197,38
2198,32
2199,33
2200,26
2201,119
2202,18
2203,42
2204,25
2205,33
2206,34
2207,52
2208,19
2209,32
2210,26
2211,15
2212,59
2213,22
2214,31
2215,22
2216,45
2217,40
2218,47
2219,34
2220,16
2221,50
2222,23
2223,54
2224,28
2225,63
2226,46
2227,37
2228,38
2229,23
2230,16
2231,47
2232,43
2233,22
2234,37
2235,29
2236,16
2237,41
2238,41
2239,33
2240,27
2241,25
2242,57
2243,30
2244,28
2245,47
2246,60
2247,50
2248,44
2249,30
2250,66
2251,26
2252,51
2253,24
2254,39
2255,34
2256,33
2257,42
2258,14
2259,33
2260,60
2261,59
2262,23
2263,15
2264,56
2265,24
2266,47
2267,21
2268,15
2269,19
2270,29
2271,55
2272,34
2273,18
2274,29
2275,22
2276,19
2277,26
2278,56
2279,42
2280,17
2281,31
2282,25
2283,44
2284,57
2285,20
2286,47
2287,16
2288,11
2289,31
2290,18
2291,26
2292,25
2293,29
2294,16
2295,36
2296,41
2297,40
2298,31
2299,32
2300,12
2301,51
2302,30
2303,34
2304,23
2305,23
2306,57
2307,16
2308,20
2309,26
2310,35
2311,31
2312,22
2313,14
2314,17
2315,24
2316,68
2317,12
2318,77
2319,29
2320,53
2321,26
2322,20
2323,70
2324,15
2325,15
2326,12
2327,20
2328,14
2329,30
2330,25
2331,18
2332,38
2333,14
2334,41
2335,28
2336,21
2337,47
2338,32
2339,47
2340,53
2341,33
2342,21
2343,20
2344,21
2345,50
2346,41
2347,38
2348,16
2349,17
2350,19
2351,25
2352,19
2353,25
2354,33
2355,14
2356,20
2357,40
2358,23
2359,10
2360,49
2361,34
2362,18
2363,42
2364,32
2365,26
2366,55
2367,86
2368,17
2369,52
2370,29
2371,49
2372,21
2373,17
2374,56
2375,30
2376,28
2377,57
2378,45
2379,42
2380,40
2381,23
2382,19
2383,19
2384,24
2385,37
2386,84
2387,22
2388,48
2389,47
2390,37
2391,38
2392,42
2393,45
2394,15
2395,18
2396,46
2397,50
2398,43
2399,74
2400,34
2401,45
2402,43
2403,45
2404,60
2405,26
2406,48
2407,14
2408,19
2409,52
2410,23
2411,20
2412,50
2413,60
2414,47
2415,48
2416,17
2417,26
2418,38
2419,76
2420,20
2421,32
2422,52
2423,54
2424,47
2425,19
2426,33
2427,20
2428,14
2429,43
2430,31
2431,15
2432,13
2433,27
2434,37
2435,30
2436,34
2437,30
2438,39
2439,18
2440,66
2441,50
2442,27
2443,24
2444,20
2445,33
2446,13
2447,18
2448,27
2449,52
2450,22
2451,36
2452,31
2453,24
2454,19
2455,29
2456,20
2457,49
2458,18
2459,25
2460,30
2461,23
2462,19
2463,23
2464,24
2465,54
2466,26
2467,20
2468,23
2469,21
2470,25
2471,28
2472,29
2473,47
2474,35
2475,25
2476,16
2477,20
2478,22
2479,17
2480,20
2481,30
2482,20
2483,47
2484,28
2485,27
2486,39
2487,54
2488,29
2489,33
2490,127
2491,35
2492,62
2493,55
2494,25
2495,18
2496,66
2497,29
2498,27
2499,31
2500,22
2501,37
2502,23
2503,34
2504,50
2505,68
2506,32
2507,30
2508,34
2509,41
2510,16
2511,61
2512,13
2513,36
2514,18
2515,21
2516,18
2517,45
2518,40
2519,34
2520,14
2521,30
2522,26
2523,23
2524,35
2525,41
2526,43
2527,17
2528,39
2529,39
2530,39
2531,28
2532,16
2533,27
2534,17
2535,29
2536,40
2537,77
2538,42
2539,38
2540,52
2541,59
2542,12
2543,31
2544,50
2545,43
2546,33
2547,18
2548,53
2549,56
2550,88
2551,42
2552,35
2553,34
2554,76
2555,34
2556,26
2557,18
2558,40
2559,23
2560,19
2561,27
2562,72
2563,41
2564,44
2565,15
2566,13
2567,11
2568,52
2569,39
2570,46
2571,119
2572,46
2573,37
2574,23
2575,47
2576,26
2577,58
2578,38
2579,31
2580,20
2581,34
2582,30
2583,15
2584,12
2585,25
2586,21
2587,40
2588,14
2589,55
2590,60
2591,69
2592,29
2593,19
2594,25
2595,14
2596,19
2597,25
2598,19
2599,65
2600,36
2601,46
2602,12
2603,19
2604,19
2605,19
2606,46
2607,27
2608,42
2609,17
2610,51
2611,26
2612,10
2613,19
2614,44
2615,51
2616,16
2617,32
2618,35
2619,41
2620,26
2621,25
2622,54
2623,49
2624,16
2625,22
2626,19
2627,31
2628,14
2629,26
2630,29
2631,30
2632,57
2633,25
2634,53
2635,51
2636,17
2637,35
2638,26
2639,22
2640,12
2641,23
2642,45
2643,16
2644,58
2645,53
2646,46
2647,51
2648,43
2649,41
2650,20
2651,15
2652,25
2653,91
2654,48
2655,63
2656,51
2657,30
2658,35
2659,56
2660,16
2661,53
2662,79
2663,42
2664,35
2665,35
2666,32
2667,23
2668,53
2669,17
2670,33
2671,19
2672,24
2673,35
2674,27
2675,47
2676,67
2677,16
2678,75
2679,23
2680,27
2681,90
2682,26
2683,32
2684,49
2685,74
2686,20
2687,20
2688,40
2689,23
2690,47
2691,16
2692,27
2693,22
2694,54
2695,62
2696,20
2697,43
2698,14
2699,43
2700,45
2701,49
2702,21
2703,20
2704,32
2705,40
2706,41
2707,37
2708,29
2709,32
2710,10
2711,30
2712,50
2713,28
2714,30
2715,25
2716,57
2717,14
2718,16
2719,48
2720,41
2721,35
2722,42
2723,52
2724,40
2725,20
2726,49
2727,52
2728,27
2729,42
2730,84
2731,45
2732,31
2733,19
2734,48
2735,41
2736,57
2737,24
2738,41
2739,33
2740,31
2741,20
2742,72
2743,29
2744,30
2745,17
2746,20
2747,40
2748,48
2749,32
2750,19
2751,19
2752,11
2753,21
2754,32
2755,54
2756,48
2757,19
2758,41
2759,40
2760,42
2761,44
2762,29
2763,16
2764,19
2765,45
2766,22
2767,121
2768,24
2769,38
2770,58
2771,21
2772,31
2773,32
2774,33
2775,25
2776,29
2777,19
2778,30
2779,26
2780,40
2781,33
2782,37
2783,66
2784,31
2785,16
2786,29
2787,43
2788,19
2789,21
2790,31
2791,45
2792,16
2793,25
2794,52
2795,26
2796,26
2797,25
2798,12
2799,13
2800,21
2801,27
2802,32
2803,101
2804,19
2805,27
2806,32
2807,95
2808,24
2809,23
2810,30
2811,37
2812,38
2813,41
2814,22
2815,55
2816,49
2817,24
2818,41
2819,70
2820,48
2821,47
2822,17
2823,22
2824,19
2825,37
2826,29
2827,43
2828,33
2829,17
2830,82
2831,18
2832,21
2833,41
2834,47
2835,19
2836,33
2837,22
2838,23
2839,68
2840,26
2841,35
2842,14
2843,60
2844,53
2845,28
2846,46
2847,36
2848,15
2849,25
2850,28
2851,16
2852,25
2853,33
2854,14
2855,18
2856,16
2857,30
2858,35
2859,35
2860,24
2861,49
2862,25
2863,24
2864,18
2865,28
2866,39
2867,14
2868,18
2869,18
2870,55
2871,24
2872,37
2873,73
2874,35
2875,43
2876,53
2877,31
2878,42
2879,15
2880,20
2881,19
2882,20
2883,31
2884,19
2885,19
2886,17
2887,22
2888,37
2889,42
2890,22
2891,18
2892,25
2893,42
2894,32
2895,37
2896,59
2897,30
2898,40
2899,40
2900,37
2901,45
2902,27
2903,22
2904,21
2905,55
2906,22
2907,29
2908,33
2909,40
2910,50
2911,23
2912,62
2913,33
2914,17
2915,54
2916,94
2917,30
2918,65
2919,36
2920,32
2921,29
2922,48
2923,16
2924,39
2925,49
2926,57
2927,39
2928,47
2929,37
2930,45
2931,42
2932,57
2933,56
2934,28
2935,61
2936,25
2937,17
2938,48
2939,29
2940,22
2941,30
2942,36
2943,38
2944,25
2945,25
2946,20
2947,34
2948,15
2949,14
2950,29
2951,24
2952,38
2953,31
2954,18
2955,37
2956,30
2957,54
2958,25
2959,18
2960,36
2961,40
2962,20
2963,38
2964,25
2965,38
2966,32
2967,29
2968,30
2969,19
2970,24
2971,26
2972,34
2973,26
2974,20
2975,19
2976,34
2977,49
2978,39
2979,31
2980,26
2981,30
2982,33
2983,26
2984,24
2985,30
2986,31
2987,26
2988,24
2989,27
2990,12
2991,21
2992,35
2993,28
2994,49
2995,22
2996,25
2997,20
2998,45
2999,58
3000,42
3001,45
3002,20
3003,28
3004,49
3005,31
3006,28
3007,39
3008,23
3009,27
3010,54
3011,76
3012,54
3013,18
3014,35
3015,26
3016,61
3017,19
3018,20
3019,27
3020,40
3021,27
3022,27
3023,28
3024,29
3025,46
3026,19
3027,26
3028,32
3029,19
3030,20
3031,13
3032,21
3033,15
3034,19
3035,29
3036,17
3037,56
3038,38
3039,16
3040,40
3041,20
3042,25
3043,27
3044,15
3045,23
3046,71
3047,36
3048,37
3049,17
3050,55
3051,47
3052,22
3053,35
3054,25
3055,21
3056,41
3057,42
3058,15
3059,26
3060,16
3061,28
3062,28
3063,27
3064,53
3065,14
3066,18
3067,27
3068,50
3069,22
3070,19
3071,32
3072,18
3073,56
3074,17
3075,17
3076,19
3077,27
3078,31
3079,17
3080,23
3081,27
3082,64
3083,51
3084,22
3085,41
3086,23
3087,46
3088,92
3089,34
3090,21
3091,28
3092,22
3093,54
3094,79
3095,19
3096,32
3097,33
3098,35
3099,16
3100,31
3101,12
3102,19
3103,9
3104,20
3105,30
3106,24
3107,18
3108,31
3109,20
3110,17
3111,32
3112,26
3113,41
3114,21
3115,24
3116,19
3117,63
3118,17
3119,33
3120,32
3121,43
3122,29
3123,98
3124,39
3125,17
3126,14
3127,25
3128,27
3129,47
3130,52
3131,15
3132,17
3133,52
3134,15
3135,21
3136,61
3137,45
3138,24
3139,27
3140,14
3141,18
3142,40
3143,32
3144,31
3145,39
3146,37
3147,15
3148,33
3149,37
3150,13
3151,53
3152,26
3153,27
3154,34
3155,21
3156,23
3157,24
3158,42
3159,35
3160,10
3161,13
3162,17
3163,11
3164,13
3165,18
3166,17
3167,28
3168,51
3169,23
3170,28
3171,44
3172,19
3173,23
3174,20
3175,31
3176,46
3177,61
3178,22
3179,43
3180,29
3181,28
3182,87
3183,32
3184,33
3185,34
3186,46
3187,23
3188,16
3189,18
3190,46
3191,25
3192,19
3193,71
3194,41
3195,16
3196,32
3197,11
3198,21
3199,17
3200,30
3201,31
3202,48
3203,42
3204,44
3205,22
3206,24
3207,20
3208,13
3209,36
3210,28
3211,16
3212,26
3213,47
3214,34
3215,52
3216,37
3217,26
3218,28
3219,17
3220,17
3221,42
3222,14
3223,26
3224,41
3225,47
3226,43
3227,39
3228,16
3229,26
3230,27
3231,19
3232,26
3233,18
3234,17
3235,52
3236,13
3237,24
3238,35
3239,10
3240,31
3241,28
3242,45
3243,38
3244,21
3245,47
3246,36
3247,37
3248,37
3249,96
3250,26
3251,21
3252,56
3253,32
3254,32
3255,52
3256,24
3257,26
3258,19
3259,34
3260,15
3261,53
3262,33
3263,51
3264,41
3265,20
3266,33
3267,28
3268,75
3269,18
3270,21
3271,19
3272,17
3273,14
3274,34
3275,14
3276,40
3277,33
3278,29
3279,38
3280,19
3281,39
3282,43
3283,22
3284,57
3285,64
3286,66
3287,49
3288,26
3289,17
3290,44
3291,38
3292,18
3293,22
3294,26
3295,11
3296,53
3297,25
3298,13
3299,27
3300,68
3301,20
3302,29
3303,47
3304,33
3305,38
3306,16
3307,31
3308,25
3309,43
3310,20
3311,28
3312,31
3313,13
3314,36
3315,78
3316,19
3317,39
3318,29
3319,54
3320,14
3321,35
3322,19
3323,32
3324,36
3325,11
3326,11
3327,65
3328,24
3329,36
3330,24
3331,17
3332,26
3333,18
3334,24
3335,17
3336,33
3337,26
3338,28
3339,32
3340,50
3341,44
3342,51
3343,65
3344,94
3345,34
3346,27
3347,22
3348,27
3349,17
3350,40
3351,28
3352,13
3353,50
3354,33
3355,36
3356,30
3357,51
3358,51
3359,22
3360,42
3361,38
3362,50
3363,43
3364,57
3365,26
3366,38
3367,31
3368,54
3369,29
3370,24
3371,40
3372,46
3373,33
3374,23
3375,54
3376,40
3377,21
3378,100
3379,34
3380,20
3381,25
3382,20
3383,94
3384,31
3385,58
3386,63
3387,12
3388,41
3389,26
3390,19
3391,15
3392,27
3393,37
3394,29
3395,30
3396,90
3397,29
3398,26
3399,38
3400,38
3401,29
3402,26
3403,52
3404,38
3405,32
3406,40
3407,26
3408,40
3409,19
3410,22
3411,20
3412,22
3413,21
3414,19
3415,58
3416,24
3417,40
3418,25
3419,24
3420,19
3421,23
3422,36
3423,15
3424,30
3425,20
3426,16
3427,40
3428,18
3429,32
3430,34
3431,24
3432,24
3433,25
3434,37
3435,41
3436,42
3437,15
3438,45
3439,36
3440,24
3441,39
3442,37
3443,14
3444,25
3445,30
3446,24
3447,19
3448,30
3449,31
3450,16
3451,11
3452,15
3453,12
3454,38
3455,58
3456,29
3457,50
3458,29
3459,20
3460,26
3461,38
3462,80
3463,62
3464,41
3465,45
3466,26
3467,52
3468,36
3469,37
3470,16
3471,25
3472,51
3473,42
3474,83
3475,37
3476,18
3477,15
3478,21
3479,37
3480,27
3481,34
3482,11
3483,19
3484,46
3485,28
3486,15
3487,23
3488,40
3489,11
3490,83
3491,37
3492,36
3493,30
3494,45
3495,38
3496,41
3497,21
3498,29
3499,36
3500,26
3501,30
3502,16
3503,13
3504,29
3505,42
3506,18
3507,30
3508,34
3509,53
3510,38
3511,91
3512,21
3513,12
3514,34
3515,22
3516,38
3517,10
3518,23
3519,40
3520,18
3521,35
3522,51
3523,39
3524,30
3525,25
3526,24
3527,70
3528,30
3529,18
3530,24
3531,37
3532,47
3533,26
3534,23
3535,43
3536,30
3537,20
3538,20
3539,42
3540,19
3541,24
3542,34
3543,30
3544,38
3545,42
3546,46
3547,21
3548,53
3549,26
3550,24
3551,81
3552,44
3553,12
3554,18
3555,21
3556,57
3557,20
3558,62
3559,30
3560,46
3561,44
3562,71
3563,24
3564,15
3565,11
3566,31
3567,20
3568,14
3569,34
3570,32
3571,27
3572,27
3573,39
3574,24
3575,32
3576,15
3577,41
3578,38
3579,42
3580,11
3581,18
3582,36
3583,19
3584,27
3585,11
3586,26
3587,28
3588,23
3589,21
3590,34
3591,37
3592,45
3593,13
3594,29
3595,23
3596,23
3597,26
3598,23
3599,11
3600,12
3601,27
3602,26
3603,13
3604,11
3605,47
3606,37
3607,17
3608,35
3609,25
3610,33
3611,35
3612,22
3613,38
3614,14
3615,30
3616,58
3617,65
3618,26
3619,27
3620,12
3621,27
3622,19
3623,18
3624,26
3625,14
3626,27
3627,30
3628,19
3629,47
3630,43
3631,15
3632,65
3633,20
3634,31
3635,29
3636,10
3637,27
3638,15
3639,16
3640,11
3641,13
3642,25
3643,21
3644,35
3645,38
3646,56
3647,46
3648,35
3649,32
3650,19
3651,164
3652,26
3653,52
3654,25
3655,24
3656,44
3657,32
3658,61
3659,28
3660,43
3661,32
3662,28
3663,24
3664,56
3665,26
3666,13
3667,47
3668,26
3669,45
3670,36
3671,18
3672,37
3673,20
3674,40
3675,77
3676,67
3677,49
3678,46
3679,41
3680,36
3681,24
3682,52
3683,51
3684,63
3685,16
3686,84
3687,52
3688,29
3689,47
3690,26
3691,51
3692,22
3693,43
3694,33
3695,44
3696,44
3697,56
3698,39
3699,29
3700,77
3701,41
3702,57
3703,40
3704,29
3705,116
3706,39
3707,47
3708,38
3709,59
3710,55
3711,49
3712,49
3713,45
3714,40
3715,40
3716,51
3717,65
3718,51
3719,51
3720,37
3721,33
3722,59
3723,28
3724,45
3725,41
3726,24
3727,63
3728,37
3729,70
3730,38
3731,30
3732,95
3733,44
3734,58
3735,62
3736,85
3737,47
3738,69
3739,9
3740,32
3741,73
3742,31
3743,32
3744,18
3745,33
3746,30
3747,61
3748,44
3749,31
3750,41
3751,26
3752,23
3753,77
3754,26
3755,36
3756,14
3757,41
3758,19
3759,31
3760,28
3761,19
3762,24
3763,22
3764,46
3765,42
3766,36
3767,24
3768,17
3769,54
3770,60
3771,64
3772,45
3773,138
3774,75
3775,21
3776,17
3777,38
3778,21
3779,24
3780,12
3781,22
3782,30
3783,35
3784,21
3785,23
3786,22
3787,44
3788,27
3789,21
3790,16
3791,33
3792,35
3793,77
3794,17
3795,44
3796,38
3797,54
3798,23
3799,52
3800,16
3801,33
3802,14
3803,17
3804,46
3805,12
3806,21
3807,27
3808,20
3809,39
3810,37
3811,35
3812,38
3813,28
3814,25
3815,35
3816,53
3817,31
3818,36
3819,45
3820,22
3821,34
3822,12
3823,81
3824,23
3825,35
3826,21
3827,38
3828,71
3829,41
3830,33
3831,19
3832,52
3833,22
3834,40
3835,39
3836,25
3837,24
3838,46
3839,22
3840,21
3841,20
3842,52
3843,63
3844,40
3845,13
3846,26
3847,40
3848,40
3849,34
3850,22
3851,28
3852,35
3853,37
3854,32
3855,28
3856,33
3857,51
3858,22
3859,49
3860,35
3861,22
3862,55
3863,75
3864,19
3865,54
3866,60
3867,25
3868,11
3869,15
3870,42
3871,50
3872,37
3873,24
3874,18
3875,64
3876,75
3877,57
3878,121
3879,56
3880,45
3881,36
3882,43
3883,26
3884,55
3885,39
3886,35
3887,45
3888,46
3889,23
3890,36
3891,29
3892,39
3893,22
3894,37
3895,17
3896,14
3897,19
3898,50
3899,42
3900,16
3901,48
3902,23
3903,28
3904,44
3905,60
3906,24
3907,27
3908,46
3909,50
3910,71
3911,31
3912,43
3913,37
3914,22
3915,49
3916,26
3917,41
3918,36
3919,30
3920,76
3921,34
3922,38
3923,35
3924,89
3925,21
3926,26
3927,54
3928,45
3929,23
3930,28
3931,15
3932,31
3933,52
3934,12
3935,29
3936,46
3937,38
3938,50
3939,54
3940,41
3941,27
3942,52
3943,20
3944,37
3945,44
3946,30
3947,27
3948,35
3949,74
3950,64
3951,64
3952,58
3953,57
3954,43
3955,40
3956,38
3957,16
3958,52
3959,31
3960,26
3961,61
3962,22
3963,33
3964,39
3965,23
3966,48
3967,33
3968,66
3969,33
3970,12
3971,38
3972,59
3973,17
3974,32
3975,57
3976,39
3977,68
3978,38
3979,20
3980,34
3981,51
3982,33
3983,23
3984,53
3985,59
3986,23
3987,44
3988,35
3989,56
3990,25
3991,26
3992,53
3993,23
3994,50
3995,18
3996,28
3997,54
3998,94
3999,44
4000,38
4001,24
4002,26
4003,27
4004,22
4005,56
4006,30
4007,65
4008,25
4009,47
4010,34
4011,45
4012,57
4013,16
4014,44
4015,26
4016,62
4017,30
4018,57
4019,56
4020,29
4021,88
4022,50
4023,46
4024,17
4025,64
4026,73
4027,28
4028,36
4029,83
4030,77
4031,45
4032,100
4033,35
4034,26
4035,34
4036,25
4037,23
4038,38
4039,38
4040,29
4041,16
4042,35
4043,13
4044,23
4045,37
4046,25
4047,28
4048,45
4049,77
4050,36
4051,29
4052,21
4053,38
4054,31
4055,42
4056,37
4057,26
4058,61
4059,57
4060,55
4061,15
4062,33
4063,27
4064,44
4065,21
4066,62
4067,18
4068,20
4069,11
4070,49
4071,75
4072,57
4073,37
4074,39
4075,23
4076,71
4077,21
4078,19
4079,34
4080,27
4081,25
4082,48
4083,28
4084,33
4085,16
4086,23
4087,77
4088,48
4089,32
4090,34
4091,38
4092,40
4093,34
4094,34
4095,25
4096,22
4097,14
4098,44
4099,23
4100,31
4101,30
4102,16
4103,14
4104,43
4105,29
4106,17
4107,28
4108,34
4109,48
4110,36
4111,33
4112,35
4113,40
4114,36
4115,32
4116,15
4117,113
4118,16
4119,43
4120,66
4121,14
4122,18
4123,13
4124,35
4125,32
4126,129
4127,15
4128,22
4129,14
4130,23
4131,67
4132,36
4133,41
4134,41
4135,26
4136,34
4137,24
4138,49
4139,60
4140,85
4141,27
4142,35
4143,27
4144,36
4145,15
4146,32
4147,14
4148,19
4149,32
4150,70
4151,22
4152,39
4153,14
4154,55
4155,21
4156,26
4157,13
4158,61
4159,34
4160,38
4161,16
4162,32
4163,11
4164,29
4165,24
4166,22
4167,23
4168,23
4169,73
4170,27
4171,33
4172,12
4173,28
4174,35
4175,20
4176,55
4177,32
4178,33
4179,36
4180,26
4181,32
4182,27
4183,52
4184,17
4185,39
4186,25
4187,27
4188,40
4189,17
4190,18
4191,25
4192,40
4193,55
4194,30
4195,34
4196,43
4197,34
4198,18
4199,31
4200,64
4201,23
4202,22
4203,64
4204,34
4205,74
4206,65
4207,47
4208,60
4209,39
4210,33
4211,53
4212,16
4213,21
4214,26
4215,14
4216,30
4217,46
4218,22
4219,31
4220,47
4221,27
4222,28
4223,23
4224,19
4225,22
4226,52
4227,27
4228,28
4229,17
4230,40
4231,49
4232,24
4233,36
4234,44
4235,53
4236,30
4237,58
4238,41
4239,55
4240,16
4241,33
4242,20
4243,26
4244,25
4245,39
4246,59
4247,21
4248,42
4249,35
4250,35
4251,39
4252,21
4253,23
4254,50
4255,38
4256,23
4257,14
4258,39
4259,13
4260,38
4261,29
4262,66
4263,24
4264,84
4265,23
4266,22
4267,51
4268,28
4269,45
4270,59
4271,33
4272,12
4273,23
4274,53
4275,18
4276,13
4277,32
4278,49
4279,18
4280,21
4281,25
4282,38
4283,29
4284,25
4285,23
4286,38
4287,29
4288,29
4289,15
4290,23
4291,52
4292,21
4293,31
4294,31
4295,22
4296,13
4297,55
4298,34
4299,40
4300,55
4301,60
4302,54
4303,14
4304,46
4305,14
4306,23
4307,35
4308,39
4309,18
4310,45
4311,50
4312,51
4313,49
4314,30
4315,30
4316,34
4317,47
4318,34
4319,20
4320,21
4321,37
4322,40
4323,27
4324,56
4325,58
4326,37
4327,68
4328,54
4329,67
4330,39
4331,60
4332,26
4333,49
4334,25
4335,21
4336,34
4337,40
4338,62
4339,33
4340,55
4341,32
4342,33
4343,14
4344,41
4345,30
4346,53
4347,42
4348,39
4349,30
4350,14
4351,41
4352,21
4353,28
4354,20
4355,19
4356,20
4357,33
4358,27
4359,33
4360,18
4361,24
4362,14
4363,36
4364,23
4365,30
4366,22
4367,32
4368,44
4369,26
4370,14
4371,18
4372,20
4373,15
4374,32
4375,18
4376,14
4377,23
4378,12
4379,20
4380,24
4381,34
4382,15
4383,27
4384,26
4385,46
4386,34
4387,20
4388,20
4389,40
4390,27
4391,23
4392,35
4393,24
4394,40
4395,24
4396,106
4397,15
4398,32
4399,23
4400,18
4401,26
4402,40
4403,39
4404,18
4405,17
4406,16
4407,21
4408,37
4409,15
4410,31
4411,47
4412,25
4413,15
4414,27
4415,19
4416,29
4417,19
4418,35
4419,14
4420,25
4421,24
4422,33
4423,23
4424,67
4425,41
4426,19
4427,53
4428,27
4429,17
4430,21
4431,36
4432,21
4433,39
4434,89
4435,35
4436,47
4437,32
4438,37
4439,35
4440,19
4441,56
4442,16
4443,23
4444,21
4445,13
4446,45
4447,41
4448,16
4449,32
4450,38
4451,21
4452,34
4453,24
4454,54
4455,36
4456,22
4457,33
4458,31
4459,32
4460,25
4461,11
4462,50
4463,49
4464,80
4465,51
4466,46
4467,16
4468,34
4469,28
4470,17
4471,20
4472,29
4473,34
4474,37
4475,22
4476,27
4477,21
4478,29
4479,39
4480,15
4481,43
4482,55
4483,21
4484,30
4485,18
4486,35
4487,18
4488,51
4489,32
4490,11
4491,26
4492,26
4493,18
4494,14
4495,24
4496,15
4497,25
4498,32
4499,37
4500,25
4501,48
4502,41
4503,45
4504,34
4505,40
4506,29
4507,67
4508,64
4509,33
4510,22
4511,28
4512,61
4513,38
4514,30
4515,26
4516,17
4517,43
4518,34
4519,71
4520,52
4521,33
4522,20
4523,44
4524,35
4525,23
4526,22
4527,26
4528,37
4529,38
4530,43
4531,12
4532,12
4533,28
4534,15
4535,20
4536,27
4537,14
4538,17
4539,23
4540,16
4541,41
4542,51
4543,28
4544,19
4545,84
4546,34
4547,15
4548,36
4549,31
4550,20
4551,23
4552,18
4553,65
4554,36
4555,29
4556,19
4557,28
4558,24
4559,48
4560,76
4561,12
4562,17
4563,38
4564,41
4565,35
4566,32
4567,32
4568,27
4569,34
4570,42
4571,33
4572,66
4573,41
4574,24
4575,30
4576,19
4577,26
4578,39
4579,30
4580,11
4581,21
4582,27
4583,41
4584,23
4585,23
4586,46
4587,20
4588,18
4589,13
4590,22
4591,20
4592,13
4593,32
4594,90
4595,43
4596,29
4597,30
4598,43
4599,38
4600,45
4601,24
4602,15
4603,41
4604,24
4605,21
4606,36
4607,36
4608,25
4609,40
4610,17
4611,42
4612,46
4613,39
4614,19
4615,28
4616,39
4617,23
4618,34
4619,39
4620,21
4621,29
4622,20
4623,32
4624,11
4625,28
4626,27
4627,80
4628,35
4629,23
4630,29
4631,11
4632,18
4633,27
4634,66
4635,75
4636,30
4637,78
4638,35
4639,33
4640,42
4641,23
4642,22
4643,23
4644,20
4645,35
4646,29
4647,20
4648,37
4649,66
4650,68
4651,28
4652,38
4653,33
4654,28
4655,21
4656,35
4657,18
4658,12
4659,14
4660,19
4661,21
4662,19
4663,35
4664,42
4665,61
4666,36
4667,42
4668,37
4669,31
4670,27
4671,39
4672,33
4673,32
4674,140
4675,68
4676,37
4677,63
4678,25
4679,17
4680,55
4681,26
4682,34
4683,44
4684,16
4685,32
4686,18
4687,47
4688,39
4689,71
4690,30
4691,48
4692,44
4693,48
4694,33
4695,28
4696,39
4697,28
4698,57
4699,45
4700,40
4701,54
4702,20
4703,69
4704,57
4705,21
4706,33
4707,65
4708,30
4709,30
4710,59
4711,88
4712,42
4713,37
4714,52
4715,44
4716,52
4717,19
4718,35
4719,23
4720,70
4721,33
4722,37
4723,25
4724,52
4725,69
4726,50
4727,20
4728,24
4729,56
4730,12
4731,26
4732,41
4733,19
4734,15
4735,35
4736,28
4737,47
4738,21
4739,36
4740,37
4741,13
4742,26
4743,36
4744,31
4745,49
4746,29
4747,33
4748,22
4749,14
4750,40
4751,19
4752,23
4753,23
4754,18
4755,20
4756,19
4757,28
4758,22
4759,21
4760,24
4761,35
4762,25
4763,34
4764,21
4765,21
4766,46
4767,33
4768,32
4769,17
4770,32
4771,46
4772,32
4773,12
4774,46
4775,48
4776,32
4777,14
4778,16
4779,47
4780,16
4781,13
4782,23
4783,32
4784,17
4785,58
4786,49
4787,98
4788,40
4789,40
4790,13
4791,59
4792,24
4793,36
4794,39
4795,36
4796,24
4797,32
4798,14
4799,34
4800,30
4801,20
4802,32
4803,35
4804,49
4805,58
4806,18
4807,15
4808,12
4809,19
4810,71
4811,42
4812,54
4813,55
4814,57
4815,27
4816,25
4817,27
4818,26
4819,14
4820,13
4821,22
4822,22
4823,17
4824,34
4825,25
4826,15
4827,29
4828,22
4829,30
4830,20
4831,25
4832,60
4833,30
4834,24
4835,40
4836,22
4837,33
4838,40
4839,18
4840,38
4841,31
4842,27
4843,25
4844,26
4845,37
4846,20
4847,21
4848,76
4849,44
4850,30
4851,18
4852,23
4853,23
4854,69
4855,34
4856,64
4857,44
4858,72
4859,31
4860,32
4861,23
4862,17
4863,41
4864,25
4865,44
4866,28
4867,22
4868,24
4869,28
4870,29
4871,29
4872,28
4873,42
4874,15
4875,44
4876,60
4877,52
4878,24
4879,54
4880,39
4881,29
4882,19
4883,37
4884,29
4885,19
4886,22
4887,26
4888,73
4889,29
4890,16
4891,39
4892,48
4893,22
4894,20
4895,23
4896,44
4897,33
4898,40
4899,35
4900,25
4901,33
4902,19
4903,61
4904,42
4905,29
4906,85
4907,19
4908,53
4909,26
4910,16
4911,23
4912,18
4913,33
4914,30
4915,37
4916,40
4917,23
4918,34
4919,31
4920,29
4921,55
4922,20
4923,33
4924,43
4925,17
4926,53
4927,51
4928,90
4929,47
4930,31
4931,38
4932,23
4933,39
4934,42
4935,20
4936,19
4937,28
4938,15
4939,60
4940,50
4941,24
4942,42
4943,48
4944,32
4945,56
4946,54
4947,32
4948,13
4949,31
4950,53
4951,59
4952,24
4953,39
4954,42
4955,46
4956,33
4957,40
4958,56
4959,41
4960,54
4961,44
4962,23
4963,25
4964,44
4965,34
4966,30
4967,52
4968,37
4969,29
4970,55
4971,25
4972,21
4973,71
4974,46
4975,40
4976,37
4977,42
4978,36
4979,29
4980,30
4981,23
4982,32
4983,25
4984,34
4985,29
4986,129
4987,57
4988,24
4989,49
4990,54
4991,35
4992,38
4993,44
4994,29
4995,36
4996,17
4997,46
4998,24
4999,20
5000,32
5001,15
5002,55
5003,23
5004,30
5005,26
5006,39
5007,22
5008,45
5009,26
5010,72
5011,19
5012,22
5013,32
5014,36
5015,38
5016,26
5017,38
5018,28
5019,60
5020,19
5021,41
5022,30
5023,25
5024,42
5025,57
5026,19
5027,34
5028,48
5029,28
5030,33
5031,32
5032,41
5033,20
5034,37
5035,34
5036,28
5037,28
5038,21
5039,48
5040,72
5041,14
5042,28
5043,22
5044,22
5045,24
5046,35
5047,12
5048,13
5049,17
5050,45
5051,15
5052,39
5053,23
5054,21
5055,39
5056,38
5057,34
5058,20
5059,31
5060,14
5061,38
5062,16
5063,63
5064,32
5065,46
5066,50
5067,55
5068,74
5069,67
5070,41
5071,29
5072,33
5073,31
5074,55
5075,58
5076,46
5077,35
5078,49
5079,60
5080,38
5081,37
5082,29
5083,26
5084,39
5085,22
5086,19
5087,24
5088,18
5089,30
5090,19
5091,22
5092,38
5093,41
5094,58
5095,35
5096,48
5097,33
5098,28
5099,18
5100,33
5101,37
5102,31
5103,25
5104,39
5105,41
5106,43
5107,37
5108,50
5109,33
5110,18
5111,35
5112,23
5113,29
5114,32
5115,36
5116,31
5117,24
5118,50
5119,36
5120,30
5121,46
5122,46
5123,51
5124,20
5125,27
5126,32
5127,60
5128,45
5129,39
5130,22
5131,19
5132,57
5133,18
5134,43
5135,32
5136,26
5137,25
5138,18
5139,27
5140,45
5141,22
5142,36
5143,29
5144,62
5145,25
5146,34
5147,28
5148,21
5149,67
5150,23
5151,23
5152,35
5153,23
5154,41
5155,38
5156,41
5157,41
5158,23
5159,20
5160,40
5161,29
5162,27
5163,39
5164,34
5165,42
5166,29
5167,94
5168,46
5169,23
5170,42
5171,26
5172,14
5173,28
5174,25
5175,27
5176,21
5177,38
5178,18
5179,34
5180,63
5181,38
5182,36
5183,75
5184,30
5185,27
5186,28
5187,26
5188,40
5189,21
5190,30
5191,19
5192,44
5193,35
5194,57
5195,37
5196,35
5197,29
5198,23
5199,30
5200,50
5201,47
5202,84
5203,29
5204,26
5205,16
5206,21
5207,14
5208,16
5209,30
5210,39
5211,34
5212,70
5213,33
5214,52
5215,65
5216,43
5217,49
5218,50
5219,44
5220,35
5221,61
5222,45
5223,24
5224,27
5225,27
5226,23
5227,57
5228,113
5229,25
5230,28
5231,29
5232,31
5233,29
5234,31
5235,26
5236,21
5237,61
5238,20
5239,16
5240,13
5241,48
5242,34
5243,21
5244,23
5245,35
5246,31
5247,28
5248,27
5249,56
5250,24
5251,18
5252,27
5253,19
5254,16
5255,14
5256,15
5257,18
5258,26
5259,22
5260,28
5261,20
5262,12
5263,16
5264,60
5265,17
5266,27
5267,41
5268,22
5269,24
5270,27
5271,28
5272,40
5273,26
5274,27
5275,37
5276,32
5277,26
5278,51
5279,14
5280,19
5281,22
5282,38
5283,21
5284,47
5285,30
5286,31
5287,28
5288,41
5289,44
5290,38
5291,28
5292,34
5293,86
5294,31
5295,19
5296,29
5297,48
5298,59
5299,30
5300,34
5301,53
5302,11
5303,36
5304,74
5305,27
5306,62
5307,57
5308,42
5309,28
5310,30
5311,46
5312,14
5313,48
5314,84
5315,44
5316,72
5317,48
5318,48
5319,40
5320,18
5321,18
5322,36
5323,55
5324,11
5325,41
5326,31
5327,41
5328,32
5329,35
5330,28
5331,47
5332,82
5333,50
5334,81
5335,35
5336,15
5337,38
5338,18
5339,21
5340,18
5341,28
5342,34
5343,70
5344,30
5345,62
5346,38
5347,33
5348,24
5349,14
5350,18
5351,65
5352,33
5353,60
5354,28
5355,52
5356,15
5357,35
5358,18
5359,24
5360,27
5361,29
5362,44
5363,38
5364,37
5365,92
5366,14
5367,39
5368,60
5369,49
5370,16
5371,16
5372,30
5373,25
5374,49
5375,51
5376,32
5377,17
5378,31
5379,72
5380,20
5381,35
5382,52
5383,85
5384,57
5385,23
5386,54
5387,38
5388,62
5389,49
5390,45
5391,56
5392,53
5393,32
5394,23
5395,18
5396,42
5397,30
5398,30
5399,25
5400,63
5401,24
5402,20
5403,31
5404,45
5405,23
5406,30
5407,23
5408,45
5409,40
5410,24
5411,24
5412,28
5413,42
5414,80
5415,32
5416,44
5417,63
5418,24
5419,63
5420,29
5421,73
5422,43
5423,26
5424,51
5425,32
5426,55
5427,116
5428,24
5429,26
5430,49
5431,47
5432,72
5433,40
5434,52
5435,51
5436,31
5437,21
5438,35
5439,40
5440,34
5441,24
5442,21
5443,35
5444,13
5445,19
5446,19
5447,29
5448,68
5449,44
5450,20
5451,27
5452,79
5453,72
5454,20
5455,37
5456,46
5457,66
5458,84
5459,35
5460,45
5461,62
5462,31
5463,17
5464,26
5465,50
5466,31
5467,38
5468,53
5469,64
5470,41
5471,40
5472,88
5473,24
5474,35
5475,46
5476,35
5477,45
5478,67
5479,36
5480,29
5481,26
5482,99
5483,45
5484,31
5485,38
5486,28
5487,12
5488,28
5489,26
5490,34
5491,29
5492,28
5493,29
5494,18
5495,27
5496,34
5497,31
5498,18
5499,49
5500,49
5501,40
5502,27
5503,41
5504,25
5505,48
5506,25
5507,21
5508,29
5509,37
5510,22
5511,24
5512,27
5513,27
5514,30
5515,29
5516,24
5517,39
5518,20
5519,26
5520,119
5521,47
5522,22
5523,92
5524,37
5525,44
5526,48
5527,56
5528,25
5529,25
5530,44
5531,44
5532,32
5533,23
5534,26
5535,32
5536,49
5537,79
5538,19
5539,26
5540,45
5541,14
5542,31
5543,27
5544,40
5545,10
5546,23
5547,31
5548,27
5549,51
5550,42
5551,35
5552,27
5553,38
5554,55
5555,62
5556,33
5557,50
5558,28
5559,38
5560,22
5561,43
5562,29
5563,40
5564,12
5565,42
5566,53
5567,22
5568,23
5569,17
5570,19
5571,62
5572,56
5573,37
5574,31
5575,94
5576,67
5577,51
5578,21
5579,34
5580,22
5581,17
5582,94
5583,46
5584,29
5585,34
5586,35
5587,31
5588,29
5589,36
5590,51
5591,37
5592,52
5593,25
5594,33
5595,25
5596,33
5597,25
5598,29
5599,36
5600,33
5601,27
5602,18
5603,16
5604,46
5605,35
5606,25
5607,26
5608,20
5609,43
5610,36
5611,35
5612,70
5613,49
5614,20
5615,33
5616,51
5617,35
5618,28
5619,65
5620,14
5621,18
5622,19
5623,18
5624,40
5625,17
5626,12
5627,34
5628,82
5629,42
5630,35
5631,27
5632,23
5633,33
5634,52
5635,50
5636,19
5637,59
5638,35
5639,85
5640,21
5641,27
5642,24
5643,18
5644,39
5645,30
5646,20
5647,37
5648,41
5649,47
5650,25
5651,70
5652,30
5653,35
5654,35
5655,27
5656,67
5657,77
5658,43
5659,69
5660,24
5661,19
5662,14
5663,19
5664,19
5665,16
5666,29
5667,39
5668,27
5669,36
5670,45
5671,33
5672,23
5673,37
5674,21
5675,105
5676,23
5677,64
5678,27
5679,66
5680,108
5681,63
5682,41
5683,40
5684,17
5685,31
5686,32
5687,42
5688,33
5689,65
5690,21
5691,36
5692,39
5693,30
5694,34
5695,34
5696,27
5697,14
5698,23
5699,33
5700,19
5701,37
5702,28
5703,26
5704,22
5705,52
5706,17
5707,54
5708,10
5709,24
5710,17
5711,32
5712,48
5713,39
5714,20
5715,23
5716,33
5717,20
5718,38
5719,27
5720,37
5721,30
5722,68
5723,61
5724,79
5725,51
5726,45
5727,55
5728,21
5729,173
5730,111
5731,36
5732,18
5733,52
5734,37
5735,73
5736,21
5737,40
5738,41
5739,21
5740,43
5741,71
5742,25
5743,45
5744,44
5745,67
5746,20
5747,20
5748,72
5749,21
5750,78
5751,35
5752,57
5753,39
5754,29
5755,46
5756,49
5757,44
5758,49
5759,35
5760,47
5761,40
5762,43
5763,17
5764,31
5765,34
5766,20
5767,30
5768,19
5769,34
5770,15
5771,42
5772,31
5773,28
5774,38
5775,31
5776,55
5777,15
5778,13
5779,43
5780,76
5781,41
5782,16
5783,41
5784,65
5785,54
5786,43
5787,63
5788,61
5789,21
5790,34
5791,33
5792,43
5793,31
5794,50
5795,35
5796,30
5797,20
5798,42
5799,56
5800,50
5801,36
5802,14
5803,16
5804,22
5805,37
5806,21
5807,14
5808,43
5809,14
5810,17
5811,13
5812,26
5813,33
5814,14
5815,37
5816,39
5817,26
5818,53
5819,54
5820,29
5821,38
5822,22
5823,26
5824,31
5825,33
5826,41
5827,30
5828,36
5829,43
5830,40
5831,32
5832,56
5833,53
5834,47
5835,30
5836,43
5837,46
5838,14
5839,43
5840,42
5841,61
5842,33
5843,58
5844,45
5845,31
5846,13
5847,28
5848,76
5849,43
5850,32
5851,47
5852,32
5853,34
5854,38
5855,38
5856,39
5857,16
5858,21
5859,23
5860,59
5861,32
5862,30
5863,52
5864,63
5865,33
5866,30
5867,28
5868,39
5869,12
5870,17
5871,43
5872,36
5873,42
5874,52
5875,72
5876,30
5877,122
5878,17
5879,51
5880,34
5881,51
5882,33
5883,32
5884,23
5885,34
5886,25
5887,31
5888,15
5889,14
5890,9
5891,14
5892,27
5893,13
5894,31
5895,23
5896,13
5897,17
5898,15
5899,33
5900,11
5901,78
5902,13
5903,77
5904,41
5905,59
5906,46
5907,48
5908,51
5909,37
5910,43
5911,19
5912,19
5913,16
5914,43
5915,71
5916,35
5917,41
5918,40
5919,58
5920,43
5921,44
5922,42
5923,22
5924,11
5925,37
5926,74
5927,44
5928,22
5929,58
5930,33
5931,35
5932,27
5933,30
5934,17
5935,33
5936,24
5937,41
5938,51
5939,32
5940,37
5941,41
5942,51
5943,21
5944,31
5945,36
5946,28
5947,39
5948,53
5949,19
5950,63
5951,45
5952,34
5953,42
5954,54
5955,36
5956,21
5957,32
5958,55
5959,26
5960,47
5961,17
5962,35
5963,22
5964,21
5965,42
5966,24
5967,28
5968,14
5969,10
5970,26
5971,39
5972,38
5973,34
5974,50
5975,34
5976,34
5977,31
5978,30
5979,96
5980,29
5981,37
5982,21
5983,23
5984,28
5985,27
5986,39
5987,24
5988,39
5989,20
5990,21
5991,23
5992,24
5993,25
5994,27
5995,22
5996,19
5997,16
5998,15
5999,20
6000,35
6001,29
6002,20
6003,29
6004,15
6005,28
6006,20
6007,18
6008,23
6009,65
6010,66
6011,20
6012,39
6013,20
6014,25
6015,17
6016,32
6017,38
6018,32
6019,29
6020,23
6021,43
6022,25
6023,38
6024,20
6025,14
6026,18
6027,30
6028,18
6029,26
6030,21
6031,14
6032,16
6033,18
6034,21
6035,32
6036,21
6037,16
6038,18
6039,16
6040,24
6041,20
6042,17
6043,20
6044,19
6045,18
6046,27
6047,15
6048,20
6049,28
6050,29
6051,21
6052,27
6053,45
6054,28
6055,20
6056,48
6057,30
6058,23
6059,26
6060,29
6061,43
6062,34
6063,33
6064,34
6065,20
6066,25
6067,19
6068,18
6069,22
6070,26
6071,29
6072,18
6073,25
6074,28
6075,24
6076,26
6077,30
6078,11
6079,25
6080,25
6081,25
6082,13
6083,30
6084,28
6085,17
6086,16
6087,27
6088,25
6089,20
6090,11
6091,26
6092,21
6093,28
6094,18
6095,15
6096,19
6097,16
6098,14
6099,16
6100,22
6101,12
6102,11
6103,17
6104,14
6105,23
6106,13
6107,17
6108,12
6109,12
6110,13
6111,13
6112,15
6113,15
6114,18
6115,20
6116,15
6117,15
6118,15
6119,12
6120,31
6121,49
6122,16
6123,43
6124,19
6125,18
6126,12
6127,24
6128,23
6129,24
6130,19
6131,24
6132,32
6133,23
6134,30
6135,17
6136,29
6137,18
6138,23
6139,15
6140,27
6141,26
6142,17
6143,32
6144,25
6145,16
6146,29
6147,20
6148,51
6149,16
6150,29
6151,15
6152,19
6153,25
6154,34
6155,67
6156,22
6157,15
6158,16
6159,19
6160,16
6161,28
6162,47
6163,36
6164,20
6165,17
6166,31
6167,13
6168,24
6169,13
6170,17
6171,39
6172,19
6173,22
6174,17
6175,30
6176,13
6177,17
6178,20
6179,18
6180,15
6181,25
6182,18
6183,14
6184,22
6185,22
6186,22
6187,36
6188,20
6189,34
6190,73
6191,19
6192,50
6193,19
6194,21
6195,22
6196,26
6197,17
6198,20
6199,17
6200,19
6201,20
6202,34
6203,24
6204,27
6205,82
6206,30
6207,24
6208,43
6209,36
6210,19
6211,24
6212,21
6213,35
6214,22
6215,27
6216,21
6217,30
6218,28
6219,19
6220,17
6221,15
6222,24
6223,20
6224,19
6225,60
6226,32
6227,17
6228,24
6229,31
6230,30
6231,24
6232,29
6233,17
6234,27
6235,23
6236,18
6237,26
6238,18
6239,18
6240,43
6241,24
6242,17
6243,36
6244,39
6245,22
6246,51
6247,33
6248,61
6249,37
6250,46
6251,36
6252,54
6253,55
6254,17
6255,41
6256,57
6257,22
6258,17
6259,18
6260,62
6261,21
6262,31
6263,20
6264,80
6265,211
6266,34
6267,100
6268,28
6269,43
6270,42
6271,38
6272,29
6273,34
6274,50
6275,37
6276,45
6277,49
6278,56
6279,55
6280,59
6281,26
6282,19
6283,21
6284,51
6285,44
6286,37
6287,29
6288,14
6289,29
6290,43
6291,18
6292,57
6293,58
6294,41
6295,58
6296,47
6297,110
6298,39
6299,48
6300,29
6301,29
6302,37
6303,38
6304,41
6305,35
6306,35
6307,24
6308,36
6309,31
6310,28
6311,22
6312,56
6313,30
6314,28
6315,59
6316,41
6317,43
6318,57
6319,52
6320,56
6321,34
6322,42
6323,35
6324,23
6325,33
6326,40
6327,23
6328,42
6329,23
6330,12
6331,24
6332,20
6333,24
6334,11
6335,29
6336,15
6337,28
6338,23
6339,23
6340,50
6341,31
6342,34
6343,40
6344,21
6345,46
6346,42
6347,28
6348,24
6349,31
6350,24
6351,29
6352,28
6353,17
6354,26
6355,56
6356,47
6357,19
6358,47
6359,36
6360,59
6361,41
6362,37
6363,87
6364,61
6365,79
6366,88
6367,24
6368,77
6369,37
6370,83
6371,41
6372,27
6373,25
6374,23
6375,38
6376,32
6377,32
6378,20
6379,38
6380,18
6381,33
6382,28
6383,34
6384,20
6385,21
6386,38
6387,16
6388,62
6389,65
6390,21
6391,31
6392,26
6393,24
6394,31
6395,21
6396,29
6397,23
6398,70
6399,118
6400,119
6401,40
6402,45
6403,69
6404,56
6405,34
6406,64
6407,53
6408,26
6409,67
6410,72
6411,61
6412,22
6413,40
6414,27
6415,52
6416,32
6417,43
6418,38
6419,32
6420,88
6421,65
6422,35
6423,49
6424,27
6425,21
6426,34
6427,56
6428,25
6429,60
6430,33
6431,38
6432,59
6433,64
6434,71
6435,88
6436,41
6437,73
6438,49
6439,51
6440,38
6441,67
6442,34
6443,28
6444,67
6445,77
6446,33
6447,31
6448,74
6449,16
6450,13
6451,87
6452,44
6453,27
6454,37
6455,55
6456,68
6457,77
6458,31
6459,81
6460,61
6461,47
6462,50
6463,56
6464,63
6465,83
6466,115
6467,73
6468,39
6469,30
6470,46
6471,45
6472,68
6473,18
6474,48
6475,45
6476,48
6477,48
6478,121
6479,49
6480,32
6481,53
6482,23
6483,50
6484,44
6485,20
6486,41
6487,19
6488,28
6489,24
6490,28
6491,23
6492,47
6493,45
6494,67
6495,105
6496,39
6497,38
6498,23
6499,29
6500,37
6501,45
6502,17
6503,18
6504,37
6505,14
6506,156
6507,41
6508,83
6509,37
6510,29
6511,71
6512,35
6513,40
6514,58
6515,23
6516,20
6517,29
6518,20
6519,33
6520,54
6521,47
6522,40
6523,29
6524,21
6525,32
6526,32
6527,18
6528,20
6529,22
6530,18
6531,39
6532,45
6533,51
6534,24
6535,32
6536,43
6537,37
6538,21
6539,81
6540,49
6541,48
6542,63
6543,61
6544,54
6545,42
6546,42
6547,45
6548,38
6549,41
6550,45
6551,25
6552,22
6553,22
6554,66
6555,38
6556,35
6557,37
6558,15
6559,21
6560,32
6561,36
6562,22
6563,31
6564,35
6565,22
6566,68
6567,39
6568,60
6569,44
6570,38
6571,94
6572,64
6573,21
6574,53
6575,44
6576,64
6577,41
6578,28
6579,41
6580,56
6581,34
6582,20
6583,18
6584,23
6585,19
6586,18
6587,46
6588,18
6589,23
6590,20
6591,27
6592,22
6593,58
6594,24
6595,49
6596,56
6597,32
6598,40
6599,63
6600,57
6601,75
6602,44
6603,63
6604,73
6605,39
6606,17
6607,58
6608,16
6609,64
6610,25
6611,74
6612,17
6613,40
6614,35
6615,28
6616,33
6617,47
6618,44
6619,64
6620,32
6621,27
6622,91
6623,85
6624,24
6625,21
6626,71
6627,35
6628,44
6629,47
6630,20
6631,32
6632,23
6633,44
6634,34
6635,18
6636,20
6637,19
6638,23
6639,20
6640,27
6641,38
6642,23
6643,35
6644,18
6645,17
6646,27
6647,19
6648,17
6649,45
6650,16
6651,18
6652,19
6653,25
6654,17
6655,19
6656,27
6657,25
6658,32
6659,37
6660,41
6661,33
6662,31
6663,61
6664,21
6665,24
6666,17
6667,35
6668,51
6669,34
6670,29
6671,33
6672,40
6673,44
6674,34
6675,36
6676,25
6677,65
6678,20
6679,47
6680,18
6681,61
6682,66
6683,27
6684,16
6685,56
6686,35
6687,72
6688,37
6689,24
6690,30
6691,19
6692,27
6693,36
6694,32
6695,45
6696,27
6697,25
6698,25
6699,24
6700,44
6701,30
6702,61
6703,34
6704,64
6705,28
6706,26
6707,31
6708,20
6709,36
6710,34
6711,16
6712,36
6713,23
6714,25
6715,17
6716,14
6717,48
6718,27
6719,43
6720,51
6721,18
6722,28
6723,29
6724,36
6725,12
6726,15
6727,24
6728,26
6729,27
6730,21
6731,26
6732,23
6733,30
6734,24
6735,13
6736,20
6737,21
6738,25
6739,20
6740,13
6741,16
6742,42
6743,45
6744,45
6745,91
6746,11
6747,20
6748,20
6749,38
6750,61
6751,21
6752,28
6753,25
6754,48
6755,54
6756,31
6757,15
6758,21
6759,36
6760,24
6761,43
6762,42
6763,41
6764,27
6765,25
6766,48
6767,29
6768,30
6769,21
6770,46
6771,72
6772,25
6773,14
6774,31
6775,32
6776,40
6777,63
6778,27
6779,44
6780,45
6781,55
6782,29
6783,44
6784,71
6785,53
6786,70
6787,52
6788,59
6789,37
6790,73
6791,54
6792,76
6793,61
6794,42
6795,37
6796,43
6797,34
6798,32
6799,53
6800,24
6801,45
6802,11
6803,19
6804,17
6805,18
6806,47
6807,42
6808,80
6809,18
6810,28
6811,31
6812,25
6813,31
6814,71
6815,24
6816,31
6817,26
6818,53
6819,41
6820,24
6821,14
6822,41
6823,19
6824,14
6825,22
6826,18
6827,16
6828,24
6829,23
6830,23
6831,21
6832,23
6833,23
6834,21
6835,20
6836,22
6837,40
6838,44
6839,46
6840,40
6841,27
6842,53
6843,40
6844,25
6845,37
6846,24
6847,41
6848,28
6849,14
6850,32
6851,60
6852,43
6853,44
6854,25
6855,17
6856,58
6857,45
6858,21
6859,17
6860,69
6861,34
6862,26
6863,23
6864,32
6865,40
6866,34
6867,32
6868,24
6869,24
6870,47
6871,21
6872,101
6873,19
6874,26
6875,19
6876,39
6877,22
6878,19
6879,17
6880,42
6881,45
6882,61
6883,38
6884,58
6885,43
6886,61
6887,67
6888,24
6889,54
6890,62
6891,20
6892,38
6893,23
6894,29
6895,46
6896,48
6897,15
6898,43
6899,66
6900,28
6901,29
6902,46
6903,20
6904,18
6905,48
6906,47
6907,124
6908,31
6909,29
6910,27
6911,32
6912,72
6913,65
6914,49
6915,34
6916,38
6917,51
6918,63
6919,25
6920,33
6921,68
6922,19
6923,44
6924,99
6925,86
6926,48
6927,63
6928,35
6929,74
6930,81
6931,50
6932,51
6933,80
6934,46
6935,16
6936,46
6937,41
6938,112
6939,16
6940,40
6941,36
6942,88
6943,29
6944,61
6945,41
6946,97
6947,40
6948,20
6949,18
6950,60
6951,42
6952,52
6953,37
6954,206
6955,37
6956,49
6957,71
6958,32
6959,66
6960,45
6961,42
6962,47
6963,97
6964,80
6965,16
6966,66
6967,38
6968,39
6969,41
6970,27
6971,10
6972,100
6973,19
6974,16
6975,25
6976,30
6977,71
6978,56
6979,48
6980,36
6981,21
6982,60
6983,45
6984,27
6985,69
6986,36
6987,81
6988,40
6989,29
6990,34
6991,28
6992,28
6993,34
6994,27
6995,38
6996,36
6997,47
6998,41
6999,96
7000,20
7001,49
7002,27
7003,21
7004,29
7005,21
7006,20
7007,58
7008,41
7009,46
7010,20
7011,28
7012,28
7013,31
7014,15
7015,30
7016,60
7017,22
7018,97
7019,48
7020,37
7021,92
7022,36
7023,81
7024,30
7025,25
7026,63
7027,29
7028,27
7029,57
7030,56
7031,35
7032,38
7033,19
7034,27
7035,14
7036,51
7037,37
7038,16
7039,60
7040,28
7041,24
7042,31
7043,29
7044,20
7045,30
7046,98
7047,26
7048,38
7049,54
7050,18
7051,18
7052,38
7053,83
7054,27
7055,26
7056,30
7057,35
7058,44
7059,28
7060,36
7061,36
7062,34
7063,23
7064,29
7065,43
7066,18
7067,19
7068,28
7069,51
7070,26
7071,47
7072,28
7073,43
7074,27
7075,74
7076,68
7077,63
7078,23
7079,28
7080,50
7081,29
7082,84
7083,29
7084,26
7085,19
7086,41
7087,42
7088,14
7089,41
7090,23
7091,125
7092,32
7093,46
7094,58
7095,48
7096,40
7097,53
7098,34
7099,18
7100,21
7101,16
7102,29
7103,26
7104,36
7105,36
7106,31
7107,29
7108,35
7109,42
7110,38
7111,23
7112,24
7113,21
7114,30
7115,29
7116,20
7117,21
7118,44
7119,22
7120,35
7121,27
7122,35
7123,33
7124,81
7125,26
7126,25
7127,31
7128,50
7129,30
7130,35
7131,36
7132,42
7133,23
7134,30
7135,31
7136,20
7137,34
7138,28
7139,60
7140,19
7141,25
7142,24
7143,25
7144,29
7145,16
7146,16
7147,49
7148,20
7149,26
7150,38
7151,23
7152,34
7153,40
7154,24
7155,23
7156,29
7157,60
7158,43
7159,59
7160,38
7161,35
7162,32
7163,45
7164,65
7165,29
7166,43
7167,46
7168,30
7169,34
7170,36
7171,39
7172,71
7173,44
7174,34
7175,26
7176,22
7177,22
7178,43
7179,30
7180,38
7181,24
7182,23
7183,22
7184,52
7185,53
7186,69
7187,55
7188,43
7189,24
7190,96
7191,58
7192,52
7193,61
7194,21
7195,28
7196,16
7197,15
7198,41
7199,32
7200,26
7201,30
7202,29
7203,22
7204,61
7205,17
7206,58
7207,20
7208,63
7209,84
7210,17
7211,47
7212,53
7213,33
7214,33
7215,19
7216,67
7217,28
7218,42
7219,20
7220,28
7221,49
7222,58
7223,27
7224,56
7225,91
7226,66
7227,70
7228,93
7229,48
7230,35
7231,34
7232,44
7233,56
7234,21
7235,61
7236,64
7237,81
7238,20
7239,22
7240,31
7241,30
7242,27
7243,89
7244,34
7245,48
7246,25
7247,32
7248,61
7249,29
7250,34
7251,38
7252,23
7253,32
7254,40
7255,35
7256,78
7257,19
7258,45
7259,28
7260,19
7261,21
7262,36
7263,25
7264,20
7265,20
7266,40
7267,32
7268,24
7269,17
7270,29
7271,17
7272,22
7273,21
7274,51
7275,33
7276,18
7277,48
7278,49
7279,26
7280,61
7281,59
7282,26
7283,31
7284,22
7285,19
7286,27
7287,21
7288,34
7289,24
7290,68
7291,40
7292,21
7293,88
7294,35
7295,27
7296,28
7297,54
7298,15
7299,37
7300,81
7301,53
7302,60
7303,39
7304,18
7305,69
7306,97
7307,20
7308,36
7309,67
7310,25
7311,23
7312,53
7313,51
7314,40
7315,26
7316,22
7317,91
7318,28
7319,66
7320,40
7321,92
7322,39
7323,25
7324,31
7325,26
7326,36
7327,39
7328,37
7329,25
7330,62
7331,43
7332,14
7333,37
7334,41
7335,68
7336,46
7337,96
7338,35
7339,62
7340,36
7341,16
7342,43
7343,55
7344,15
7345,59
7346,46
7347,39
7348,31
7349,40
7350,94
7351,66
7352,58
7353,40
7354,45
7355,40
7356,53
7357,45
7358,18
7359,28
7360,56
7361,69
7362,47
7363,31
7364,55
7365,21
7366,16
7367,50
7368,16
7369,35
7370,76
7371,23
7372,67
7373,42
7374,46
7375,98
7376,49
7377,69
7378,61
7379,35
7380,28
7381,51
7382,91
7383,51
7384,45
7385,40
7386,26
7387,27
7388,34
7389,12
7390,46
7391,17
7392,23
7393,27
7394,59
7395,23
7396,33
7397,25
7398,31
7399,53
7400,20
7401,44
7402,36
7403,25
7404,40
7405,28
7406,24
7407,37
7408,28
7409,36
7410,28
7411,36
7412,21
7413,22
7414,23
7415,18
7416,14
7417,18
7418,32
7419,23
7420,37
7421,34
7422,42
7423,21
7424,25
7425,30
7426,34
7427,32
7428,31
7429,22
7430,18
7431,32
7432,13
7433,38
7434,31
7435,24
7436,21
7437,27
7438,45
7439,36
7440,45
7441,24
7442,26
7443,70
7444,34
7445,44
7446,41
7447,32
7448,63
7449,33
7450,26
7451,47
7452,40
7453,16
7454,18
7455,18
7456,25
7457,38
7458,41
7459,13
7460,53
7461,30
7462,21
7463,17
7464,24
7465,16
7466,38
7467,34
7468,41
7469,33
7470,30
7471,27
7472,52
7473,34
7474,40
7475,21
7476,51
7477,19
7478,31
7479,54
7480,42
7481,20
7482,18
7483,24
7484,37
7485,34
7486,34
7487,61
7488,58
7489,23
7490,24
7491,37
7492,24
7493,33
7494,18
7495,24
7496,19
7497,22
7498,14
7499,14
7500,17
7501,23
7502,19
7503,18
7504,24
7505,22
7506,31
7507,54
7508,29
7509,22
7510,16
7511,28
7512,20
7513,21
7514,24
7515,23
7516,27
7517,18
7518,29
7519,30
7520,35
7521,22
7522,59
7523,66
7524,14
7525,21
7526,28
7527,58
7528,29
7529,19
7530,19
7531,18
7532,23
7533,26
7534,38
7535,29
7536,21
7537,42
7538,44
7539,43
7540,44
7541,22
7542,30
7543,80
7544,24
7545,16
7546,16
7547,21
7548,38
7549,42
7550,24
7551,15
7552,46
7553,67
7554,67
7555,25
7556,25
7557,34
7558,56
7559,34
7560,30
7561,38
7562,30
7563,41
7564,41
7565,35
7566,22
7567,40
7568,29
7569,28
7570,28
7571,40
7572,41
7573,29
7574,38
7575,39
7576,34
7577,57
7578,49
7579,47
7580,42
7581,50
7582,30
7583,31
7584,53
7585,32
7586,50
7587,34
7588,69
7589,36
7590,30
7591,40
7592,63
7593,113
7594,13
7595,37
7596,30
7597,30
7598,62
7599,54
7600,49
7601,57
7602,30
7603,44
7604,39
7605,38
7606,44
7607,36
7608,20
7609,24
7610,32
7611,53
7612,39
7613,36
7614,48
7615,45
7616,57
7617,48
7618,59
7619,32
7620,24
7621,29
7622,34
7623,31
7624,85
7625,15
7626,18
7627,73
7628,33
7629,28
7630,37
7631,33
7632,42
7633,27
7634,45
7635,27
7636,42
7637,51
7638,44
7639,78
7640,22
7641,56
7642,32
7643,28
7644,37
7645,36
7646,33
7647,76
7648,40
7649,19
7650,63
7651,45
7652,41
7653,46
7654,40
7655,20
7656,52
7657,15
7658,73
7659,133
7660,38
7661,26
7662,33
7663,27
7664,24
7665,32
7666,46
7667,21
7668,30
7669,41
7670,58
7671,35
7672,26
7673,28
7674,28
7675,19
7676,29
7677,28
7678,23
7679,30
7680,24
7681,30
7682,23
7683,31
7684,23
7685,25
7686,24
7687,30
7688,25
7689,32
7690,53
7691,40
7692,32
7693,19
7694,51
7695,30
7696,40
7697,19
7698,27
7699,29
7700,24
7701,24
7702,22
7703,20
7704,39
7705,31
7706,55
7707,27
7708,35
7709,15
7710,34
7711,20
7712,33
7713,25
7714,23
7715,29
7716,26
7717,115
7718,28
7719,23
7720,26
7721,56
7722,25
7723,33
7724,25
7725,23
7726,29
7727,31
7728,28
7729,24
7730,66
7731,24
7732,35
7733,40
7734,32
7735,32
7736,23
7737,15
7738,33
7739,36
7740,67
7741,49
7742,28
7743,34
7744,55
7745,28
7746,58
7747,27
7748,30
7749,31
7750,21
7751,24
7752,27
7753,29
7754,26
7755,25
7756,28
7757,22
7758,35
7759,47
7760,33
7761,82
7762,30
7763,29
7764,40
7765,30
7766,85
7767,61
7768,52
7769,24
7770,26
7771,42
7772,28
7773,81
7774,19
7775,23
7776,75
7777,52
7778,38
7779,32
7780,27
7781,61
7782,27
7783,30
7784,49
7785,32
7786,45
7787,32
7788,89
7789,57
7790,23
7791,44
7792,39
7793,58
7794,26
7795,29
7796,47
7797,22
7798,53
7799,20
7800,43
7801,23
7802,24
7803,31
7804,23
7805,42
7806,56
7807,16
7808,61
7809,74
7810,41
7811,21
7812,32
7813,41
7814,40
7815,33
7816,44
7817,32
7818,29
7819,23
7820,27
7821,26
7822,58
7823,43
7824,32
7825,47
7826,28
7827,33
7828,25
7829,29
7830,22
7831,70
7832,45
7833,35
7834,68
7835,36
7836,33
7837,24
7838,43
7839,74
7840,70
7841,81
7842,42
7843,61
7844,21
7845,70
7846,55
7847,48
7848,33
7849,56
7850,21
7851,16
7852,67
7853,59
7854,44
7855,67
7856,107
7857,45
7858,41
7859,40
7860,22
7861,25
7862,24
7863,22
7864,67
7865,33
7866,92
7867,75
7868,20
7869,46
7870,41
7871,17
7872,32
7873,22
7874,32
7875,35
7876,37
7877,70
7878,69
7879,45
7880,46
7881,35
7882,17
7883,37
7884,28
7885,31
7886,45
7887,39
7888,76
7889,67
7890,26
7891,107
7892,33
7893,82
7894,37
7895,27
7896,49
7897,28
7898,41
7899,41
7900,38
7901,97
7902,56
7903,62
7904,42
7905,36
7906,21
7907,64
7908,33
7909,53
7910,77
7911,21
7912,19
7913,86
7914,28
7915,60
7916,40
7917,48
7918,43
7919,37
7920,49
7921,42
7922,39
7923,51
7924,28
7925,47
7926,44
7927,69
7928,39
7929,61
7930,47
7931,37
7932,126
7933,104
7934,65
7935,39
7936,52
7937,39
7938,49
7939,62
7940,72
7941,76
7942,117
7943,52
7944,73
7945,38
7946,35
7947,24
7948,43
7949,58
7950,42
7951,58
7952,47
7953,107
7954,64
7955,39
7956,46
7957,28
7958,26
7959,42
7960,19
7961,32
7962,45
7963,86
7964,65
7965,57
7966,65
7967,52
7968,50
7969,19
7970,65
7971,43
7972,32
7973,51
7974,22
7975,50
7976,21
7977,87
7978,54
7979,72
7980,37
7981,36
7982,27
7983,41
7984,47
7985,35
7986,30
7987,74
7988,29
7989,33
7990,31
7991,42
7992,42
7993,74
7994,17
7995,32
7996,38
7997,44
7998,51
7999,27
8000,24
8001,63
8002,55
8003,28
8004,20
8005,41
8006,14
8007,38
8008,18
8009,21
8010,23
8011,39
8012,24
8013,41
8014,24
8015,51
8016,70
8017,48
8018,87
8019,55
8020,55
8021,46
8022,50
8023,36
8024,39
8025,33
8026,74
8027,46
8028,33
8029,54
8030,60
8031,76
8032,66
8033,47
8034,37
8035,28
8036,23
8037,44
8038,42
8039,41
8040,59
8041,49
8042,41
8043,37
8044,21
8045,41
8046,34
8047,24
8048,35
8049,23
8050,25
8051,50
8052,44
8053,25
8054,28
8055,66
8056,22
8057,38
8058,35
8059,37
8060,19
8061,27
8062,22
8063,37
8064,44
8065,14
8066,88
8067,18
8068,18
8069,22
8070,23
8071,29
8072,21
8073,29
8074,58
8075,38
8076,43
8077,33
8078,52
8079,56
8080,46
8081,30
8082,66
8083,64
8084,46
8085,51
8086,64
8087,65
8088,37
8089,53
8090,63
8091,36
8092,48
8093,46
8094,95
8095,89
8096,43
8097,32
8098,27
8099,20
8100,17
8101,42
8102,29
8103,61
8104,59
8105,45
8106,46
8107,44
8108,54
8109,45
8110,23
8111,44
8112,33
8113,23
8114,53
8115,34
8116,19
8117,63
8118,27
8119,36
8120,16
8121,27
8122,21
8123,35
8124,22
8125,14
8126,19
8127,18
8128,35
8129,16
8130,35
8131,29
8132,16
8133,30
8134,63
8135,26
8136,15
8137,23
8138,53
8139,20
8140,64
8141,76
8142,54
8143,27
8144,38
8145,27
8146,27
8147,20
8148,37
8149,18
8150,50
8151,21
8152,29
8153,24
8154,33
8155,39
8156,23
8157,42
8158,38
8159,51
8160,40
8161,23
8162,22
8163,97
8164,15
8165,19
8166,36
8167,33
8168,20
8169,28
8170,73
8171,28
8172,51
8173,45
8174,16
8175,49
8176,27
8177,27
8178,30
8179,52
8180,42
8181,42
8182,25
8183,23
8184,25
8185,31
8186,36
8187,32
8188,38
8189,22
8190,30
8191,31
8192,25
8193,31
8194,34
8195,41
8196,33
8197,48
8198,33
8199,35
8200,67
8201,45
8202,29
8203,63
8204,38
8205,40
8206,61
8207,41
8208,41
8209,42
8210,31
8211,39
8212,32
8213,44
8214,36
8215,30
8216,31
8217,41
8218,33
8219,21
8220,27
8221,19
8222,20
8223,82
8224,63
8225,40
8226,75
8227,46
8228,42
8229,70
8230,92
8231,34
8232,39
8233,32
8234,68
8235,36
8236,72
8237,37
8238,40
8239,34
8240,25
8241,23
8242,29
8243,51
8244,38
8245,60
8246,53
8247,46
8248,42
8249,40
8250,42
8251,53
8252,55
8253,89
8254,33
8255,64
8256,62
8257,32
8258,30
8259,40
8260,39
8261,45
8262,51
8263,36
8264,41
8265,58
8266,23
8267,60
8268,40
8269,36
8270,34
8271,36
8272,30
8273,22
8274,21
8275,66
8276,32
8277,44
8278,23
8279,39
8280,48
8281,60
8282,83
8283,66
8284,56
8285,45
8286,51
8287,75
8288,29
8289,36
8290,44
8291,34
8292,33
8293,22
8294,64
8295,18
8296,49
8297,49
8298,15
8299,21
8300,43
8301,37
8302,32
8303,45
8304,60
8305,21
8306,53
8307,38
8308,25
8309,97
8310,12
8311,37
8312,38
8313,34
8314,43
8315,29
8316,24
8317,71
8318,52
8319,16
8320,83
8321,33
8322,36
8323,17
8324,25
8325,16
8326,23
8327,28
8328,14
8329,70
8330,42
8331,39
8332,65
8333,20
8334,26
8335,75
8336,34
8337,57
8338,63
8339,23
8340,25
8341,40
8342,69
8343,22
8344,41
8345,24
8346,81
8347,24
8348,25
8349,38
8350,31
8351,53
8352,38
8353,39
8354,25
8355,67
8356,20
8357,61
8358,45
8359,31
8360,105
8361,27
8362,77
8363,51
8364,29
8365,28
8366,25
8367,46
8368,67
8369,24
8370,27
8371,17
8372,93
8373,38
8374,34
8375,44
8376,40
8377,18
8378,87
8379,42
8380,30
8381,25
8382,26
8383,40
8384,87
8385,73
8386,47
8387,27
8388,28
8389,39
8390,17
8391,45
8392,89
8393,23
8394,18
8395,16
8396,23
8397,30
8398,18
8399,13
8400,20
8401,38
8402,24
8403,16
8404,20
8405,19
8406,16
8407,17
8408,17
8409,45
8410,16
8411,22
8412,22
8413,16
8414,18
8415,45
8416,13
8417,35
8418,19
8419,29
8420,32
8421,22
8422,33
8423,33
8424,63
8425,43
8426,26
8427,17
8428,32
8429,25
8430,26
8431,50
8432,40
8433,27
8434,48
8435,44
8436,37
8437,29
8438,24
8439,49
8440,39
8441,14
8442,21
8443,37
8444,56
8445,42
8446,55
8447,59
8448,40
8449,41
8450,26
8451,37
8452,31
8453,26
8454,34
8455,33
8456,28
8457,37
8458,47
8459,33
8460,37
8461,26
8462,52
8463,29
8464,24
8465,72
8466,37
8467,40
8468,78
8469,51
8470,69
8471,22
8472,55
8473,37
8474,48
8475,47
8476,56
8477,31
8478,37
8479,33
8480,27
8481,34
8482,93
8483,31
8484,101
8485,39
8486,40
8487,24
8488,50
8489,32
8490,23
8491,31
8492,53
8493,46
8494,42
8495,55
8496,57
8497,41
8498,59
8499,38
8500,34
8501,63
8502,42
8503,64
8504,41
8505,40
8506,37
8507,58
8508,47
8509,28
8510,47
8511,32
8512,41
8513,34
8514,70
8515,27
8516,32
8517,34
8518,38
8519,59
8520,58
8521,56
8522,43
8523,113
8524,52
8525,42
8526,92
8527,56
8528,17
8529,20
8530,23
8531,22
8532,35
8533,29
8534,29
8535,23
8536,17
8537,24
8538,36
8539,59
8540,29
8541,16
8542,22
8543,17
8544,62
8545,33
8546,19
8547,13
8548,15
8549,27
8550,19
8551,30
8552,13
8553,26
8554,42
8555,42
8556,38
8557,23
8558,43
8559,15
8560,37
8561,25
8562,16
8563,29
8564,21
8565,16
8566,33
8567,31
8568,31
8569,20
8570,21
8571,11
8572,33
8573,27
8574,27
8575,18
8576,26
8577,50
8578,16
8579,32
8580,59
8581,31
8582,22
8583,16
8584,15
8585,31
8586,29
8587,39
8588,23
8589,26
8590,25
8591,20
8592,18
8593,29
8594,22
8595,31
8596,25
8597,42
8598,23
8599,38
8600,54
8601,30
8602,31
8603,36
8604,18
8605,21
8606,35
8607,46
8608,16
8609,17
8610,74
8611,62
8612,64
8613,29
8614,34
8615,42
8616,27
8617,24
8618,55
8619,35
8620,45
8621,27
8622,18
8623,65
8624,26
8625,39
8626,45
8627,30
8628,34
8629,22
8630,36
8631,30
8632,34
8633,40
8634,61
8635,30
8636,27
8637,27
8638,22
8639,25
8640,34
8641,53
8642,63
8643,28
8644,30
8645,29
8646,86
8647,29
8648,34
8649,38
8650,35
8651,24
8652,29
8653,26
8654,37
8655,22
8656,23
8657,43
8658,19
8659,37
8660,58
8661,29
8662,35
8663,85
8664,37
8665,22
8666,81
8667,21
8668,33
8669,28
8670,27
8671,101
8672,22
8673,23
8674,27
8675,48
8676,40
8677,41
8678,28
8679,37
8680,28
8681,31
8682,24
8683,38
8684,57
8685,26
8686,27
8687,36
8688,20
8689,29
8690,25
8691,26
8692,50
8693,56
8694,34
8695,30
8696,15
8697,39
8698,32
8699,28
8700,35
8701,25
8702,41
8703,29
8704,26
8705,35
8706,26
8707,52
8708,26
8709,20
8710,26
8711,26
8712,21
8713,32
8714,32
8715,21
8716,27
8717,25
8718,13
8719,27
8720,28
8721,27
8722,26
8723,20
8724,44
8725,36
8726,16
8727,27
8728,36
8729,15
8730,34
8731,33
8732,40
8733,29
8734,36
8735,28
8736,36
8737,58
8738,22
8739,51
8740,38
8741,18
8742,34
8743,38
8744,25
8745,24
8746,103
8747,23
8748,20
8749,21
8750,37
8751,45
8752,27
8753,24
8754,38
8755,51
8756,35
8757,23
8758,24
8759,22
8760,36
8761,29
8762,23
8763,28
8764,20
8765,20
8766,13
8767,31
8768,30
8769,29
8770,23
8771,35
8772,25
8773,26
8774,31
8775,25
8776,64
8777,31
8778,21
8779,15
8780,23
8781,37
8782,28
8783,55
8784,18
8785,21
8786,18
8787,27
8788,25
8789,20
8790,26
8791,28
8792,23
8793,21
8794,100
8795,19
8796,22
8797,34
8798,71
8799,22
8800,21
8801,30
8802,38
8803,20
8804,69
8805,112
8806,23
8807,38
8808,28
8809,55
8810,26
8811,29
8812,36
8813,18
8814,30
8815,24
8816,26
8817,37
8818,44
8819,28
8820,19
8821,37
8822,37
8823,25
8824,30
8825,34
8826,26
8827,39
8828,18
8829,29
8830,42
8831,32
8832,40
8833,16
8834,38
8835,70
8836,72
8837,41
8838,96
8839,47
8840,48
8841,20
8842,34
8843,29
8844,48
8845,17
8846,51
8847,36
8848,67
8849,18
8850,45
8851,31
8852,35
8853,33
8854,35
8855,32
8856,45
8857,37
8858,18
8859,32
8860,43
8861,28
8862,27
8863,28
8864,15
8865,32
8866,15
8867,48
8868,16
8869,28
8870,39
8871,15
8872,32
8873,22
8874,25
8875,21
8876,23
8877,27
8878,16
8879,33
8880,88
8881,30
8882,32
8883,33
8884,41
8885,62
8886,43
8887,18
8888,58
8889,15
8890,33
8891,51
8892,21
8893,59
8894,39
8895,14
8896,26
8897,23
8898,37
8899,19
8900,23
8901,52
8902,36
8903,46
8904,15
8905,37
8906,15
8907,69
8908,17
8909,31
8910,67
8911,15
8912,26
8913,15
8914,23
8915,21
8916,14
8917,26
8918,20
8919,21
8920,38
8921,114
8922,15
8923,24
8924,34
8925,15
8926,28
8927,25
8928,26
8929,20
8930,37
8931,17
8932,41
8933,36
8934,39
8935,21
8936,19
8937,29
8938,99
8939,22
8940,20
8941,56
8942,20
8943,24
8944,19
8945,23
8946,41
8947,15
8948,22
8949,42
8950,22
8951,24
8952,23
8953,21
8954,15
8955,33
8956,29
8957,19
8958,38
8959,70
8960,27
8961,18
8962,23
8963,32
8964,66
8965,56
8966,26
8967,89
8968,20
8969,19
8970,25
8971,46
8972,18
8973,34
8974,21
8975,34
8976,17
8977,30
8978,50
8979,34
8980,29
8981,20
8982,24
8983,21
8984,23
8985,31
8986,25
8987,27
8988,18
8989,24
8990,32
8991,17
8992,26
8993,15
8994,18
8995,33
8996,17
8997,16
8998,20
8999,16
9000,31
9001,50
9002,17
9003,17
9004,26
9005,29
9006,32
9007,24
9008,39
9009,26
9010,34
9011,43
9012,20
9013,27
9014,20
9015,36
9016,49
9017,33
9018,21
9019,30
9020,43
9021,51
9022,30
9023,51
9024,38
9025,28
9026,28
9027,59
9028,16
9029,24
9030,29
9031,20
9032,52
9033,16
9034,29
9035,24
9036,64
9037,19
9038,21
9039,24
9040,30
9041,19
9042,17
9043,61
9044,22
9045,16
9046,18
9047,14
9048,32
9049,23
9050,74
9051,22
9052,47
9053,39
9054,52
9055,38
9056,24
9057,38
9058,20
9059,25
9060,45
9061,37
9062,30
9063,34
9064,32
9065,19
9066,35
9067,31
9068,37
9069,34
9070,21
9071,31
9072,18
9073,43
9074,40
9075,37
9076,38
9077,22
9078,24
9079,24
9080,22
9081,34
9082,27
9083,21
9084,29
9085,36
9086,86
9087,37
9088,40
9089,17
9090,17
9091,20
9092,28
9093,13
9094,15
9095,28
9096,54
9097,27
9098,46
9099,40
9100,53
9101,51
9102,41
9103,30
9104,87
9105,32
9106,51
9107,39
9108,39
9109,31
9110,41
9111,60
9112,55
9113,33
9114,30
9115,33
9116,54
9117,17
9118,110
9119,77
9120,80
9121,54
9122,117
9123,45
9124,69
9125,54
9126,46
9127,61
9128,41
9129,57
9130,70
9131,50
9132,61
9133,45
9134,53
9135,74
9136,50
9137,42
9138,67
9139,69
9140,21
9141,36
9142,28
9143,37
9144,15
9145,45
9146,26
9147,19
9148,21
9149,18
9150,27
9151,53
9152,35
9153,54
9154,43
9155,31
9156,14
9157,51
9158,29
9159,40
9160,21
9161,22
9162,30
9163,31
9164,50
9165,39
9166,54
9167,49
9168,38
9169,96
9170,52
9171,44
9172,34
9173,37
9174,18
9175,74
9176,22
9177,27
9178,86
9179,27
9180,40
9181,39
9182,53
9183,39
9184,75
9185,36
9186,41
9187,25
9188,36
9189,25
9190,26
9191,45
9192,36
9193,75
9194,57
9195,81
9196,57
9197,50
9198,26
9199,44
9200,25
9201,38
9202,25
9203,22
9204,33
9205,21
9206,29
9207,69
9208,21
9209,32
9210,16
9211,19
9212,15
9213,17
9214,22
9215,48
9216,27
9217,19
9218,31
9219,28
9220,22
9221,25
9222,16
9223,20
9224,30
9225,25
9226,31
9227,21
9228,17
9229,18
9230,15
9231,43
9232,18
9233,18
9234,14
9235,20
9236,18
9237,16
9238,13
9239,21
9240,17
9241,35
9242,16
9243,21
9244,35
9245,13
9246,16
9247,22
9248,25
9249,15
9250,13
9251,19
9252,19
9253,44
9254,46
9255,29
9256,14
9257,23
9258,23
9259,27
9260,23
9261,17
9262,47
9263,23
9264,43
9265,16
9266,37
9267,28
9268,29
9269,25
9270,24
9271,25
9272,19
9273,41
9274,31
9275,41
9276,46
9277,37
9278,51
9279,29
9280,19
9281,20
9282,33
9283,18
9284,30
9285,26
9286,33
9287,18
9288,21
9289,17
9290,39
9291,44
9292,39
9293,61
9294,39
9295,31
9296,24
9297,41
9298,44
9299,61
9300,19
9301,22
9302,15
9303,19
9304,47
9305,41
9306,19
9307,39
9308,16
9309,26
9310,19
9311,24
9312,16
9313,21
9314,20
9315,15
9316,11
9317,16
9318,18
9319,17
9320,17
9321,20
9322,23
9323,12
9324,20
9325,11
9326,18
9327,18
9328,19
9329,12
9330,24
9331,12
9332,26
9333,13
9334,41
9335,13
9336,18
9337,22
9338,20
9339,19
9340,31
9341,34
9342,19
9343,23
9344,48
9345,17
9346,15
9347,30
9348,31
9349,25
9350,18
9351,38
9352,11
9353,24
9354,31
9355,24
9356,45
9357,27
9358,24
9359,32
9360,26
9361,29
9362,38
9363,45
9364,34
9365,47
9366,38
9367,27
9368,59
9369,25
9370,18
9371,32
9372,27
9373,35
9374,32
9375,19
9376,76
9377,66
9378,26
9379,61
9380,21
9381,77
9382,50
9383,41
9384,36
9385,43
9386,30
9387,67
9388,29
9389,22
9390,43
9391,41
9392,82
9393,43
9394,55
9395,41
9396,43
9397,51
9398,33
9399,20
9400,62
9401,31
9402,24
9403,26
9404,47
9405,16
9406,22
9407,34
9408,17
9409,18
9410,24
9411,13
9412,16
9413,22
9414,15
9415,45
9416,41
9417,17
9418,20
9419,14
9420,20
9421,49
9422,47
9423,15
9424,38
9425,14
9426,18
9427,33
9428,22
9429,46
9430,21
9431,15
9432,15
9433,33
9434,44
9435,37
9436,45
9437,19
9438,21
9439,33
9440,21
9441,13
9442,14
9443,20
9444,17
9445,17
9446,14
9447,22
9448,14
9449,25
9450,15
9451,19
9452,33
9453,15
9454,16
9455,14
9456,14
9457,14
9458,16
9459,17
9460,23
9461,15
9462,13
9463,16
9464,12
9465,13
9466,40
9467,18
9468,17
9469,21
9470,27
9471,23
9472,17
9473,19
9474,16
9475,43
9476,14
9477,14
9478,32
9479,16
9480,17
9481,13
9482,15
9483,16
9484,15
9485,15
9486,15
9487,25
9488,17
9489,12
9490,13
9491,25
9492,11
9493,12
9494,20
9495,40
9496,69
9497,39
9498,15
9499,13
9500,11
9501,17
9502,46
9503,13
9504,15
9505,14
9506,23
9507,16
9508,20
9509,13
9510,18
9511,25
9512,17
9513,24
9514,14
9515,49
9516,47
9517,62
9518,56
9519,52
9520,58
9521,41
9522,32
9523,46
9524,44
9525,64
9526,70
9527,43
9528,48
9529,48
9530,35
9531,44
9532,95
9533,40
9534,41
9535,46
9536,42
9537,53
9538,23
9539,21
9540,40
9541,19
9542,34
9543,14
9544,39
9545,35
9546,34
9547,19
9548,19
9549,29
9550,46
9551,13
9552,42
9553,11
9554,13
9555,21
9556,19
9557,45
9558,21
9559,14
9560,27
9561,30
9562,15
9563,20
9564,68
9565,46
9566,26
9567,21
9568,15
9569,22
9570,21
9571,17
9572,12
9573,19
9574,22
9575,19
9576,17
9577,56
9578,17
9579,20
9580,27
9581,31
9582,22
9583,98
9584,55
9585,66
9586,89
9587,41
9588,41
9589,31
9590,64
9591,38
9592,73
9593,51
9594,30
9595,67
9596,41
9597,51
9598,56
9599,32
9600,39
9601,56
9602,50
9603,55
9604,53
9605,45
9606,30
9607,25
9608,21
9609,19
9610,49
9611,29
9612,15
9613,15
9614,37
9615,16
9616,15
9617,50
9618,55
9619,15
9620,16
9621,17
9622,16
9623,36
9624,17
9625,20
9626,52
9627,26
9628,30
9629,28
9630,24
9631,20
9632,53
9633,20
9634,37
9635,31
9636,23
9637,30
9638,19
9639,27
9640,42
9641,18
9642,23
9643,63
9644,16
9645,25
9646,36
9647,18
9648,20
9649,22
9650,25
9651,17
9652,17
9653,46
9654,52
9655,17
9656,21
9657,40
9658,21
9659,41
9660,23
9661,34
9662,18
9663,23
9664,19
9665,27
9666,58
9667,23
9668,76
9669,60
9670,21
9671,20
9672,41
9673,45
9674,46
9675,73
9676,18
9677,24
9678,17
9679,15
9680,23
9681,31
9682,17
9683,62
9684,17
9685,21
9686,15
9687,47
9688,29
9689,33
9690,20
9691,25
9692,36
9693,49
9694,57
9695,24
9696,28
9697,52
9698,55
9699,19
9700,26
9701,20
9702,41
9703,141
9704,19
9705,23
9706,35
9707,22
9708,51
9709,22
9710,31
9711,60
9712,23
9713,68
9714,31
9715,59
9716,102
9717,24
9718,34
9719,47
9720,52
9721,41
9722,35
9723,47
9724,25
9725,122
9726,36
9727,83
9728,99
9729,50
9730,63
9731,31
9732,22
9733,21
9734,57
9735,21
9736,31
9737,50
9738,39
9739,70
9740,38
9741,28
9742,33
9743,19
9744,31
9745,43
9746,21
9747,50
9748,38
9749,57
9750,24
9751,25
9752,23
9753,23
9754,38
9755,23
9756,36
9757,30
9758,44
9759,35
9760,41
9761,56
9762,31
9763,54
9764,89
9765,29
9766,18
9767,34
9768,36
9769,36
9770,32
9771,25
9772,26
9773,20
9774,42
9775,52
9776,54
9777,43
9778,26
9779,49
9780,35
9781,42
9782,28
9783,48
9784,67
9785,25
9786,16
9787,63
9788,46
9789,92
9790,19
9791,43
9792,23
9793,54
9794,29
9795,28
9796,22
9797,19
9798,61
9799,16
9800,25
9801,27
9802,32
9803,45
9804,25
9805,18
9806,38
9807,41
9808,34
9809,43
9810,35
9811,45
9812,31
9813,38
9814,25
9815,21
9816,69
9817,34
9818,27
9819,21
9820,31
9821,31
9822,92
9823,54
9824,55
9825,45
9826,32
9827,31
9828,30
9829,23
9830,36
9831,29
9832,20
9833,21
9834,38
9835,28
9836,39
9837,35
9838,57
9839,16
9840,29
9841,25
9842,31
9843,17
9844,41
9845,43
9846,57
9847,27
9848,49
9849,44
9850,15
9851,28
9852,20
9853,21
9854,32
9855,15
9856,15
9857,23
9858,26
9859,49
9860,41
9861,21
9862,46
9863,30
9864,39
9865,31
9866,27
9867,30
9868,25
9869,23
9870,17
9871,30
9872,14
9873,12
9874,18
9875,44
9876,11
9877,24
9878,45
9879,32
9880,71
9881,22
9882,38
9883,36
9884,38
9885,16
9886,43
9887,62
9888,13
9889,44
9890,17
9891,13
9892,19
9893,23
9894,26
9895,71
9896,28
9897,31
9898,28
9899,43
9900,61
9901,42
9902,63
9903,48
9904,27
9905,34
9906,38
9907,37
9908,46
9909,82
9910,28
9911,48
9912,42
9913,22
9914,43
9915,63
9916,32
9917,24
9918,58
9919,38
9920,29
9921,15
9922,28
9923,44
9924,46
9925,39
9926,26
9927,14
9928,14
9929,34
9930,46
9931,23
9932,25
9933,20
9934,18
9935,54
9936,37
9937,48
9938,23
9939,23
9940,33
9941,27
9942,42
9943,22
9944,20
9945,22
9946,42
9947,42
9948,36
9949,58
9950,34
9951,35
9952,45
9953,56
9954,36
9955,38
9956,25
9957,48
9958,31
9959,21
9960,24
9961,23
9962,29
9963,55
9964,20
9965,20
9966,35
9967,29
9968,24
9969,24
9970,25
9971,47
9972,18
9973,19
9974,50
9975,54
9976,26
9977,24
9978,20
9979,28
9980,19
9981,47
9982,31
9983,28
9984,38
9985,37
9986,26
9987,27
9988,19
9989,42
9990,46
9991,23
9992,60
9993,25
9994,38
9995,35
9996,31
9997,54
9998,69
9999,20
